handle,url,title,description,google_query,google_title,google_snippet,score,url_type,discovered_at
Study_Ebook_pdf,https://t.me/Study_Ebook_pdf,Study Ebook pdf,My YouTube- Study Ebook pdf 	https://youtube.com/@study_ebook_pdf?si=rDQFpouZkKNg2wrL	Har chiz ki ek kimat hota haiğŸ’°	My Website Name= studyebookpdf.in,telegram ebook pdf,Study Ebook pdf â€“ Telegram,Join My Telegram Channel @Study_Ebook_pdf Â· https://t.me ... Ebook pdf .in â¤ï¸ Meraa Website aa jayega https://t.me/Study_Ebook_Pdf2.,5,channel_or_user,2026-01-11T09:51:43+00:00
studyxuen,https://t.me/studyxuen,study with xuen!,"motivation, study life, safe space ğŸ¤		telegram: @noellelyx	chat: @studyxuenchat		linksâ€” https://studyxuen.carrd.co/",telegram ebook pdf,study with xuen! â€“ Telegram,Haiii do u have ans for this module https://t.me/studyxuen/487? Telegram ... study with xuen! spm english essay ebook.pdf. 449.2 KB Â· #english #studytipsÂ ...,0,channel_or_user,2026-01-11T09:51:43+00:00
eBookRoom,https://t.me/eBookRoom,eBook Room,"Get interesting pdf books related to biography, business, fiction, humor, nonfiction, novel, philosophy, poetry, politics, self-help.		Buy ads:	https://telega.io/c/eBookRoom",telegram ebook pdf,eBook Room â€“ Telegram,"eBook Room. @eBookRoom. 296K subscribers. 1.52K photos. 49 links. Get interesting pdf books related to biography, business, fiction, humor, nonfiction, novelÂ ...",4,channel_or_user,2026-01-11T09:51:43+00:00
ebookroom,https://t.me/ebookroom,eBook Room,"Get interesting pdf books related to biography, business, fiction, humor, nonfiction, novel, philosophy, poetry, politics, self-help.		Buy ads:	https://telega.io/c/eBookRoom",telegram ebook pdf,eBook Room â€“ Telegram,"eBook Room. @ebookroom. 296K subscribers. 1.52K photos. 49 links. Get interesting pdf books related to biography, business, fiction, humor, nonfiction, novelÂ ...",4,channel_or_user,2026-01-11T09:51:43+00:00
ebook_converter_bot,https://t.me/ebook_converter_bot,eBook Converter Bot,Convert E-Books to various formats. It currently supports 34 input formats and 20 output formats.,telegram ebook pdf,Launch @ebook_converter_bot - Telegram,"Convert E-Books to various formats. It currently supports 34 input formats and 20 output formats. Start Bot. If you have Telegram, you can launch eBookÂ ...",4,channel_or_user,2026-01-11T09:51:43+00:00
free_ebooks_pdfs,https://t.me/free_ebooks_pdfs,"FREE EBOOKS, MAGZINES & PDF'S","ğŸ”† Ebooks ( Fictional, Non Fictional)	ğŸ”† Magzines	ğŸ”† Comics	ğŸ”† Useful PDF's	ğŸ”† Cheatsheets		ğŸ“§ For Copyright Contact - @MrIntruder_assistantbot",telegram ebook pdf,View @free_ebooks_pdfs - Telegram,"FREE EBOOKS, MAGZINES & PDF'S. 37 202 subscribers. Ebooks ( Fictional, Non Fictional) Magzines Comics Useful PDF's Cheatsheets",5,channel_or_user,2026-01-11T09:51:43+00:00
NOSSABIBLIOTECABR,https://t.me/NOSSABIBLIOTECABR,Ğ¤Ğ¾Ñ‚Ğ¾Ğ³Ñ€Ğ°Ñ„Ğ¸Ğ¸ Ğ¿Ñ€Ğ¸Ñ€Ğ¾Ğ´Ñ‹,You can view and join @NOSSABIBLIOTECABR right away.,telegram ebook pdf,View @NOSSABIBLIOTECABR - Telegram,"Ğ¤Ğ¾Ñ‚Ğ¾Ğ³Ñ€Ğ°Ñ„Ğ¸Ğ¸ Ğ¿Ñ€Ğ¸Ñ€Ğ¾Ğ´Ñ‹. 2 540 subscribers. View in Telegram Â· Preview channel. If you have Telegram, you can view and join. Ğ¤Ğ¾Ñ‚Ğ¾Ğ³Ñ€Ğ°Ñ„Ğ¸Ğ¸ Ğ¿Ñ€Ğ¸Ñ€Ğ¾Ğ´Ñ‹ right away.",0,channel_or_user,2026-01-11T09:51:43+00:00
themadrastrader1,https://t.me/themadrastrader1,The Madras Trader (Official),THe Madras Trader Channel â€” Real //For queries regarding JFT membership please whatsapp me to 86106 25691,telegram ebook pdf,The Madras Trader (Official) â€“ Telegram,â© Telegram channel - https://t.me/themadrastrader1 ( Use Vpn if the ... Price Action Ebook.pdf. 3.4 MB. Price action EBook. 76.6K views 02:53. SeptemberÂ ...,0,channel_or_user,2026-01-11T09:51:43+00:00
edubaba,https://t.me/edubaba,Edubaba,Master map skills for UPSC! 	Explore Mapzine by Edubaba. 	Places in the News & Static maps. 	Ace prelims 2025 with us! 	ğŸš€ #UPSC #IAS		About us	https://edubaba.in	YouTube: http://bit.ly/3aIlrAa	Instagram : edubaba_mapzine_ias	Contact : @Edubaba_Admin,telegram ebook pdf,Edubaba â€“ Telegram,"Edubaba MapZine Volume - 02 Sample (Ebook).pdf. 5.5 MB. A Monthly Map Magazine For UPSC, PCS & Other Competitive Exams Features of Map-Zine: - ExcellentÂ ...",0,channel_or_user,2026-01-11T09:51:43+00:00
premium_ebooks,https://t.me/premium_ebooks,Bookishfrenzy | Premium Ebooks and Audiobooks,ğŸ”µRequest your favourite ebooks ğŸ‘‰ @Premiumebooksbot (please search in channel for book before requestingğŸ™)		Buy Ads:  https://telega.io/c/premium_ebooks,telegram ebook pdf,Bookishfrenzy | Premium Ebooks and Audiobooks â€“ Telegram,"May 23, 2020 ... Read Book(in Pdf) Â· Read Book(in Epub) Â· @premium_ebooks. 18â¤4 1. 19.2K viewstopnewsbot, edited 09:58 Â· Read Book(in Pdf) Â· Read Book(inÂ ...",2,channel_or_user,2026-01-11T09:51:43+00:00
MRCPsych,https://t.me/MRCPsych,MRCPSYCH & PSYCHIATRY,Psychiatric Medicine	For contact : @Dr_Fatto,telegram ebook pdf,MRCPSYCH & PSYCHIATRY â€“ Telegram,#Pharmacology #Psychopharmacology #Guideline #ebook. Practical Guideline for The Pharmacological Treatment of Patients With Alcohol Use Disorder â¬‡ï¸â¬‡ï¸â¬‡ï¸â¬‡ï¸â¬‡ï¸â¬‡ï¸â¬‡ï¸â¬‡ï¸â¬‡ï¸.,0,channel_or_user,2026-01-11T09:51:43+00:00
eBooksCafe,https://t.me/eBooksCafe,eBooks Cafe,Sharing snippets from books & various pockets of the internet 		Buy ads: https://telega.io/c/ebookscafe		Contact: @Blissmanagerbot for Credits & queries,telegram ebook pdf,eBooks Cafe â€“ Telegram,"Out of all the non fiction books ive read over the years, personal finance has had the biggest impact on my life. From basic budgeting, to managingÂ ...",2,channel_or_user,2026-01-11T09:51:43+00:00
GURUKULHUBCHANNEL,https://t.me/GURUKULHUBCHANNEL,Gurukul Hub,WE PROVIDE DAILY MATHS AND GK PDF FOR ALL COMPETETIVE EXAMS,telegram ebook pdf,Gurukul Hub â€“ Telegram,"... ebook-pdf-in-hindâ€¦ 3.57K viewsMohit K, 01:22. February 27, 2022. Gurukul Hub. Important Ebook Pdf For Railway & SSC Exams Complete Physics and ChemistryÂ ...",2,channel_or_user,2026-01-11T09:51:43+00:00
ebookshop_kh,https://t.me/ebookshop_kh,ebook shop á›á€áŸ‹áŸáŸ€áœá—áŸ…á¢áŸá¡á·ááŸ’ášá¼á“á·á…,á˜á¶á“á›á€áŸ‹áŸáŸ€áœá—áŸ…á¢áŸá¡á·á…ááŸ’ášá¼á“á·á…á‘á˜áŸ’ášá„áŸ‹â€‹ (PDF) á‚áŸ’ášá”áŸ‹á”áŸ’ášá—áŸá‘áŸá˜áŸ’ášá¶á”áŸ‹á¢áŸ’á“á€áŸá·á€áŸ’áŸá¶â€‹ á“á·á„á€á»á˜á¶áš,telegram ebook pdf,ebook shop á›á€áŸ‹áŸáŸ€áœá—áŸ…á¢áŸá¡á·ááŸ’ášá¼á“á·á… â€“ Telegram,IQ Test Self-Scoring PDF Format Price 1$ only Tel: 071 636 9991 (Telegram/WhatsApp) #IQ #Math #Test #Self-Scoring #Exercise #ebook #PDF. 9 views 02:33.,4,channel_or_user,2026-01-11T09:51:43+00:00
RBE_S,https://t.me/RBE_S,RBE- REVOLUTION BY EDUCATION,"ğŸš€ Join RBE - Revolution By Education for Govt Exam preparation.	à¤¯à¤¹à¤¾à¤ à¤®à¤¿à¤²à¥‡à¤—à¤¾ smart study plans, best mock tests, PYQs, latest updates & shortcut tricks à¤œà¥‹ à¤†à¤ªà¤•à¥€ SSC & Railway à¤¤à¥ˆà¤¯à¤¾à¤°à¥€ à¤•à¥‹ next level à¤¤à¤• à¤²à¥‡ à¤œà¤¾à¤à¤‚à¤—à¥‡! ğŸš€ğŸ’¯",telegram ebook pdf,View @RBE_S - Telegram,"Join RBE - Revolution By Education for Govt Exam preparation. à¤¯à¤¹à¤¾à¤ à¤®à¤¿à¤²à¥‡à¤—à¤¾ smart study plans, best mock tests, PYQs, latest updates & shortcut tricks à¤œà¥‹ à¤†à¤ªà¤•à¥€ SSCÂ ...",0,channel_or_user,2026-01-11T09:51:43+00:00
Archicad,https://t.me/Archicad,ARCHICAD,ğŸ“‚Folder: t.me/addlist/7LU_-vGJ9hIxZjdk	ğŸ—£Group: t.me/+pwUJZDD52HE4ZTdk	ğŸŒƒEdu Archicad: @Rammehraz_bot	ğŸŒWebsite: Rammehraz.com,telegram ebook pdf,ARCHICAD â€“ Telegram,"Sep 4, 2024 ... â—‹ MSBIM 2022 ArchiCAD PRO Template Manual eBook (Pdf) â—‹ EFFICIENCY-ArchiCAD Key Features eBook (Pdf) â—‹ How to load the template Video(Mp4).",0,channel_or_user,2026-01-11T09:51:43+00:00
IESMechanical,https://t.me/IESMechanical,IES MechanicalğŸ“šğŸ› âš™,This group only for helpfull materials for  preparation for IES /GATE/JE in MECHANICAL Stream .(All materials  are copied from the internet or other source AND Non-Profits  Group )		Connect with admin - @IESMecha_bot,telegram ebook pdf,IES Mechanical â€“ Telegram,"6.28K views 02:32. November 29, 2021. IES Mechanical âš™. Forwarded from IES Mechanical âš™. SSC JE MECHANICAL EBOOK.pdf. 5.98K views 05:33. November 29, 2021.",0,channel_or_user,2026-01-11T09:51:43+00:00
pdfebupkitap,https://t.me/pdfebupkitap,DERS&OKUMA KÄ°TAPLARI PDF-EBUP,"Klasik kitaplar, yabancÄ± kitaplar, yks2025 kitaplarÄ±,Wattpad kitaplarÄ± hepsi bu kanalda 	ğŸ’•ğŸ«§HOÅGELDÄ°NÄ°Z ğŸ«§ğŸ’•	https://t.me/kitappdfebupp",telegram kitap pdf,View @pdfebupkitap - Telegram,"https://t.me/kitappdfebupp. View in Telegram Â· Preview channel. If you have Telegram, you can view and join. DERS&OKUMA KÄ°TAPLARI PDF-EBUP right away.",7,channel_or_user,2026-01-11T09:51:43+00:00
dKitap,https://t.me/dKitap,E Kitap PDF,Okuma kitaplarÄ± PDF|EPUB	Sesli Kitaplar: @sesli_kitap_arsivi	Dergi: @dergiarsivi,telegram kitap pdf,View @dKitap - Telegram,"Sesli Kitaplar: @sesli_kitap_arsivi. Dergi: @dergiarsivi Â· View in Telegram Â· Preview channel. If you have Telegram, you can view and join. E Kitap PDF rightÂ ...",9,channel_or_user,2026-01-11T09:51:43+00:00
yks_pdf2025,https://t.me/yks_pdf2025,YKS 2026 PDF SORU BANKASI,You can view and join @yks_pdf2025 right away.,telegram kitap pdf,View @yks_pdf2025 - Telegram,"YKS 2026 PDF SORU BANKASI. 18 521 subscribers. View in Telegram Â· Preview channel. If you have Telegram, you can view and join. YKS 2026 PDF SORU BANKASI rightÂ ...",5,channel_or_user,2026-01-11T09:51:43+00:00
hukukmesleklerinegirissinavi,https://t.me/hukukmesleklerinegirissinavi,2026 HMGS,"ğŸ‘‰ğŸ¼Soru-cevaplar, yardÄ±mlaÅŸmalar, network, haberler.	ğŸ‘‰ğŸ¼ Ä°letiÅŸim â¡ï¸ @adaletmulkuntemelidir	ğŸ‘‰ğŸ¼Alenen kitap pdf paylaÅŸÄ±mlarÄ± yapÄ±lamaz.",telegram kitap pdf,View @hukukmesleklerinegirissinavi - Telegram,"Soru-cevaplar, yardÄ±mlaÅŸmalar, network, haberler. Ä°letiÅŸim â¡ï¸ @adaletmulkuntemelidir Alenen kitap pdf paylaÅŸÄ±mlarÄ± yapÄ±lamaz. View in Telegram.",3,channel_or_user,2026-01-11T09:51:43+00:00
ykspdf24,https://t.me/ykspdf24,YKS KÄ°TAP PDF 2026,ÃœCRETSÄ°Z YKS KÄ°TAP PDF KANALI,telegram kitap pdf,View @ykspdf24 - Telegram,"YKS KÄ°TAP PDF 2026. 44 716 subscribers. ÃœCRETSÄ°Z YKS KÄ°TAP PDF KANALI. View in Telegram Â· Preview channel. If you have Telegram, you can view and join",5,channel_or_user,2026-01-11T09:51:43+00:00
kitapotag,https://t.me/kitapotag,Kitap OtaÄŸ,"Kitap OtaÄŸ resmÃ® Telegram kanalÄ±dÄ±r. Sosyal medyada paylaÅŸamadÄ±ÄŸÄ±mÄ±z iÃ§erik ve haberleri, sitemizde yayÄ±mladÄ±ÄŸÄ±mÄ±z yazÄ±larÄ± buradan paylaÅŸÄ±yoruz.		Ä°g: instagram.com/kitapotag		Reklam ve iletiÅŸim iÃ§in: t.me/sahaneserseri",telegram kitap pdf,Kitap OtaÄŸ â€“ Telegram,TÃ¼rk Tarih Kurumu KÃ¼tÃ¼phanesinde yer alan 29.483 adet nadir eser Ã§evrimiÃ§i ortama aktarÄ±larak halkÄ±n hizmetine sunuldu. Ãœcretsiz Pdf indirme imkanÄ± da mevcut.,2,channel_or_user,2026-01-11T09:51:43+00:00
tkutuphanebot,https://t.me/tkutuphanebot,T-KÃ¼tÃ¼phane Ã— Kitap ve Makale Ara,Bir Nexus klonu | @MagentaFox,telegram kitap pdf,Launch @tkutuphanebot - Telegram,"T-KÃ¼tÃ¼phane Ã— Kitap ve Makale Ara. @tkutuphanebot. Bir Nexus klonu | @MagentaFox Â· Start Bot. If you have Telegram, you can launch. T-KÃ¼tÃ¼phane Ã— Kitap veÂ ...",2,channel_or_user,2026-01-11T09:51:43+00:00
ykskitappdf,https://t.me/ykskitappdf,YKS KÄ°TAP PDF,"Bu zorlu pandemi sÃ¼recinde ve sÄ±nav senenizde sizlere en gÃ¼ncel ve en verimli kaynaklarÄ± ulaÅŸtÄ±rmayÄ± hedefliyoruz. 		Herhangi bir Ã¶neri, istek veya benzeri durumlarda lÃ¼tfen bize form Ã¼zerinden ulaÅŸÄ±nÄ±z.(Form linki: https://forms.gle/C3ASEkGejPJJeXp2A )",telegram kitap pdf,YKS KÄ°TAP PDF â€“ Telegram,"Jul 7, 2020 ... Merhabalar sevgili arkadaÅŸlar, kanalÄ±mÄ±z bÃ¼nyesinde elimizden geldiÄŸi kadar YKS'ye yÃ¶nelik pdf paylaÅŸÄ±mÄ± yaparak siz dostlarÄ±mÄ±za yardÄ±mcÄ±Â ...",6,channel_or_user,2026-01-11T09:51:43+00:00
Ekitap_oku,https://t.me/Ekitap_oku,E Kitap,You can view and join @Ekitap_oku right away.,telegram kitap pdf,View @Ekitap_oku - Telegram,"E-Kitap | PDF Kitap. 124 subscribers. Ekitap pdf kitap sesli kitap. View in Telegram Â· Preview channel. If you have Telegram, you can view and join",4,channel_or_user,2026-01-11T09:51:43+00:00
HAMASW,https://t.me/HAMASW,HAMAS-ISRAEL WAR,For communication and advertising: @LIVIN1984 @ebuibram,telegram kitap pdf,HAMAS-ISRAEL WAR â€“ Telegram,Kitap AlÄ±ntÄ±larÄ± / Book Excerpts âŠµ Ä°ÅŸte Salihler BÃ¶yleydi âŠµ Sebat Medya PDF - Sesli Kitaplar / PDF - Audiobooks âœ’ï¸ âŠµ Ä°slami E-KÃ¼tÃ¼phane ğŸ™ï¸ âŠµ SesliÂ ...,0,channel_or_user,2026-01-11T09:51:43+00:00
islamikitapp,https://t.me/islamikitapp,Ä°slami E-KÃ¼tÃ¼phane / Dini Kitap PDF - EPUB,ğŸ“š Pdf & Epub E- Kitap ArÅŸivi,telegram kitap pdf,View @islamikitapp - Telegram,"Ä°slami E-KÃ¼tÃ¼phane / Dini Kitap PDF - EPUB. 3 111 members, 127 online. Pdf & Epub E- Kitap ArÅŸivi. View in Telegram. If you have Telegram,Â ...",6,channel_or_user,2026-01-11T09:51:43+00:00
pdflikiraz,https://t.me/pdflikiraz,YKS KPSS DGS PDF 2025,"KPSS, DGS, YKS  YE DAÄ°R KÄ°TAP VE DENEME PDF LERÄ°		ğŸ’Daha fazla kanal iÃ§in : https://t.me/addlist/vJAzPr0a2W9mMTlk		Reklam ve iÅŸ birliÄŸi: @Kiraz_13",telegram kitap pdf,View @pdflikiraz - Telegram,"YKS KPSS DGS PDF 2025. 2 300 subscribers. KPSS, DGS, YKS YE DAÄ°R KÄ°TAP VE DENEME PDF LERÄ° Daha fazla kanal iÃ§in : https://t.me/addlist/vJAzPr0a2W9mMTlk",6,channel_or_user,2026-01-11T09:51:43+00:00
boyovut_matematiklar,https://t.me/boyovut_matematiklar,Boyovut mat+akt,"HayotningÂ  ikkita bezagi bor : Â  matematika bilan shugâ€™ullanish va oâ€™qitish	Kanalga aâ€™zo boâ€˜lish @boyovut_matematiklar	Reklama uchun @bjalilova	Tashkilotchi: Jalilova(Turgunova) Barno Rahmatovna	Savollar, takliflar uchun https://t.me/boymatem guruhi",telegram kitap pdf,Boyovut mat+akt â€“ Telegram,TYT - AYT Geometri Yaprak Test (2)_test_geom+J.pdf. 25.9 MB Â· ORÄ°JÄ°NAL_GEOMETRÄ°_Ã‡OKGENLER. 24.2 MB Â· EÄ°S Geometri 1.Kitap 2.BÃ¶lÃ¼m. 7.7 MB Â· BES-TYT-AYT GEOMETRÄ°Â ...,0,message,2026-01-11T09:51:43+00:00
dusdemy,https://t.me/dusdemy,DUSDEMY,DUS EÄÄ°TÄ°M PLATFORMU,telegram kitap pdf,DUSDEMY â€“ Telegram,"13 AralÄ±k Cuma 10.00 telegram kanalÄ±mÄ±z Ã¼zerinden PDF paylasacaÄŸÄ±z. SorularÄ± ... Emel Karaman'Ä±n hazÄ±rladÄ±ÄŸÄ± ""Restoratif DiÅŸ Tedavisi Konu AnlatÄ±m KitabÄ±"" ve ProfÂ ...",0,message,2026-01-11T09:51:43+00:00
almazov_centre,https://t.me/almazov_centre,Ğ¦ĞµĞ½Ñ‚Ñ€ ĞĞ»Ğ¼Ğ°Ğ·Ğ¾Ğ²Ğ°,"ĞĞœĞ˜Ğ¦ Ğ¸Ğ¼. Ğ’. Ğ. ĞĞ»Ğ¼Ğ°Ğ·Ğ¾Ğ²Ğ° ĞœĞ¸Ğ½Ğ·Ğ´Ñ€Ğ°Ğ²Ğ° Ğ Ğ¾ÑÑĞ¸Ğ¸ â€” Ğ²ĞµĞ´ÑƒÑ‰Ğ¸Ğ¹ Ñ€Ğ¾ÑÑĞ¸Ğ¹ÑĞºĞ¸Ğ¹ Ñ†ĞµĞ½Ñ‚Ñ€ Ğ¿Ğ¾ Ğ¾ĞºĞ°Ğ·Ğ°Ğ½Ğ¸Ñ Ğ²Ñ‹ÑĞ¾ĞºĞ¾ĞºĞ²Ğ°Ğ»Ğ¸Ñ„Ğ¸Ñ†Ğ¸Ñ€Ğ¾Ğ²Ğ°Ğ½Ğ½Ğ¾Ğ¹ Ğ¼ĞµĞ´Ğ¸Ñ†Ğ¸Ğ½ÑĞºĞ¾Ğ¹ Ğ¿Ğ¾Ğ¼Ğ¾Ñ‰Ğ¸ Ğ½Ğ°ÑĞµĞ»ĞµĞ½Ğ¸Ñ, Ğ²Ñ‹Ğ¿Ğ¾Ğ»Ğ½ĞµĞ½Ğ¸Ñ Ğ½Ğ°ÑƒÑ‡Ğ½Ñ‹Ñ… Ğ¸ÑÑĞ»ĞµĞ´Ğ¾Ğ²Ğ°Ğ½Ğ¸Ğ¹, Ğ¿Ğ¾Ğ´Ğ³Ğ¾Ñ‚Ğ¾Ğ²ĞºĞµ ĞºĞ°Ğ´Ñ€Ğ¾Ğ², Ğ¿Ğ¾Ğ²Ñ‹ÑˆĞµĞ½Ğ¸Ñ ĞºĞ²Ğ°Ğ»Ğ¸Ñ„Ğ¸ĞºĞ°Ñ†Ğ¸Ğ¸ Ğ²Ñ€Ğ°Ñ‡ĞµĞ¹.",telegram kitap pdf,View @almazov_centre - Telegram,"ĞĞœĞ˜Ğ¦ Ğ¸Ğ¼. Ğ’. Ğ. ĞĞ»Ğ¼Ğ°Ğ·Ğ¾Ğ²Ğ° ĞœĞ¸Ğ½Ğ·Ğ´Ñ€Ğ°Ğ²Ğ° Ğ Ğ¾ÑÑĞ¸Ğ¸ â€” Ğ²ĞµĞ´ÑƒÑ‰Ğ¸Ğ¹ Ñ€Ğ¾ÑÑĞ¸Ğ¹ÑĞºĞ¸Ğ¹ Ñ†ĞµĞ½Ñ‚Ñ€ Ğ¿Ğ¾ Ğ¾ĞºĞ°Ğ·Ğ°Ğ½Ğ¸Ñ Ğ²Ñ‹ÑĞ¾ĞºĞ¾ĞºĞ²Ğ°Ğ»Ğ¸Ñ„Ğ¸Ñ†Ğ¸Ñ€Ğ¾Ğ²Ğ°Ğ½Ğ½Ğ¾Ğ¹ Ğ¼ĞµĞ´Ğ¸Ñ†Ğ¸Ğ½ÑĞºĞ¾Ğ¹ Ğ¿Ğ¾Ğ¼Ğ¾Ñ‰Ğ¸ Ğ½Ğ°ÑĞµĞ»ĞµĞ½Ğ¸Ñ, Ğ²Ñ‹Ğ¿Ğ¾Ğ»Ğ½ĞµĞ½Ğ¸Ñ Ğ½Ğ°ÑƒÑ‡Ğ½Ñ‹Ñ…Â ...",0,channel_or_user,2026-01-11T09:51:43+00:00
IELTS_CAMBRIDGE1,https://t.me/IELTS_CAMBRIDGE1,IELTS Cambridge 1-18 Full Package Books,The full package of IELTS Cambridge books with Audio files is freely accessible here.,telegram kitap pdf,View @IELTS_CAMBRIDGE1 - Telegram,"The full package of IELTS Cambridge books with Audio files is freely accessible here. View in Telegram Â· Preview channel. If you have Telegram, you can view andÂ ...",0,channel_or_user,2026-01-11T09:51:43+00:00
kitap_pdf0,https://t.me/kitap_pdf0,Kitap PDF ArÅŸivi Roman Hikaye,Kaliteli kitaplar iÃ§in kanalÄ±mÄ±za katÄ±labilirsiniz.,telegram kitap pdf,View @kitap_pdf0 - Telegram,Kitap PDF ArÅŸivi Roman Hikaye. 31 498 subscribers. Kaliteli kitaplar iÃ§in kanalÄ±mÄ±za katÄ±labilirsiniz. View in Telegram.,5,channel_or_user,2026-01-11T09:51:43+00:00
vetfakpdf,https://t.me/vetfakpdf,VETERÄ°NER HEKÄ°M-TEKNÄ°KER VE TEKNÄ°SYENÄ° Ä°Ã‡Ä°N PDF VE NOT KANALIğŸ¾ğŸ„ğŸ©ºğŸ‘ğŸğŸ•ğŸ”,"Veteriner HekimliÄŸi ve TeknikerliÄŸe dair PDF ve notlar ...	       ""Denilebilir ki; insan hekimliÄŸi, veteriner hekimliÄŸi yanÄ±nda okyanusa karÅŸÄ± iÃ§ deniz gibidir. BeÅŸeri Hekimlik insan iÃ§indir oysa Veteriner Hekimlik insanlÄ±k iÃ§indir.""	Ä°smet Ä°nÃ¶nÃ¼ PaÅŸa",telegram kitap pdf,View @vetfakpdf - Telegram,"Veteriner HekimliÄŸi ve TeknikerliÄŸe dair PDF ve notlar ... ""Denilebilir ki; insan hekimliÄŸi, veteriner hekimliÄŸi yanÄ±nda okyanusa karÅŸÄ± iÃ§ deniz gibidir.",5,channel_or_user,2026-01-11T09:51:43+00:00
ielts_8,https://t.me/ielts_8,IELTS Academy,ğŸ‘¤ Contact & Ads: @nae0110		ORIGINAL CONTENT â—		Beyond plagiarism		Since 2019,telegram kitap pdf,IELTS Academy â€“ Telegram,VIEW IN TELEGRAM. IELTS Simon â€ : IELTS Preparation 10 study tips for IELTS ... Collins Practice Tests for IELTS 2 @IELTS_8.pdf. 17.6 MB. Collins IELTSÂ ...,0,channel_or_user,2026-01-11T09:51:43+00:00
tipdemy,https://t.me/tipdemy,TÄ±pdemy | Tusverse,TÄ±pdemy ve Tusverse eÄŸitim platformlarÄ±nÄ±n resmi kanalÄ±dÄ±r.,telegram kitap pdf,TÄ±pdemy | Tusverse â€“ Telegram,DRPATOLOJÄ° HIZLI TEKRAR KAMP KÄ°TABI.pdf. 2 MB. Son dÃ¼zlÃ¼kte sadece 120 sayfayla gÃ¼zel bir patoloji tekrarÄ± iÃ§in olabilecek en kapsamlÄ± kaynak. #reklam,0,channel_or_user,2026-01-11T09:51:43+00:00
yusufkaplanmedia,https://t.me/yusufkaplanmedia,Yusuf Kaplan Medya,"Yusuf HocamÄ±zÄ±n ve MTOâ€™nun tek resmÃ® hesabÄ±dÄ±r.	Kanalda paylaÅŸÄ±lanlar HocamÄ±z tarafÄ±ndan takip edilmektedir! 	Yusuf HocamÄ±zÄ±n yazÄ±larÄ±, paylaÅŸÄ±mlarÄ± buradan ilan edilecektir.",telegram kitap pdf,Yusuf Kaplan Medya â€“ Telegram,"Kitap son.pdf. 254.9 KB. 2.61K viewsyusuf kaplan, 12:49. November 20, 2024 ... VIEW IN TELEGRAM. Ã–ÄŸretmenler gÃ¼nÃ¼nÃ¼z kutlu olsun can hocam. 3.17K viewsÂ ...",0,channel_or_user,2026-01-11T09:51:43+00:00
tuhfemeclisi,https://t.me/tuhfemeclisi,TUHFE MECLÄ°SÄ°/Ahmed POLAT,"Hanefi fÄ±khÄ± alanÄ±nda telif edilen, AlÃ¢uddin es-SemerkandÃ®'nin(v.539) ""TuhfetÃ¼'l-Fukaha"" isimli eserinin okunduÄŸu ders hakkÄ±nda bilgi kanalÄ±dÄ±r.		Ders okuyan: Ahmed POLAT 		Ä°. Ahmed POLAT (@ahmedpolat69). https://twitter.com/ahmedpolat69?s=09",telegram kitap pdf,TUHFE MECLÄ°SÄ°/Ahmed POLAT â€“ Telegram,"Apr 4, 2020 ... 3- ØªØ­ÙØ© Ø§Ù„ÙÙ‚Ù‡Ø§Ø¡.pdf. 4.7 MB. 3.62K views 16:25. April 10, 2020. TUHFE MECLÄ°SÄ°/Ahmed POLAT. 3 ciltlik Tuhfe'nin pdf'i kitabÄ± olmayan buradanÂ ...",1,channel_or_user,2026-01-11T09:51:43+00:00
miraz_PDF,https://t.me/miraz_PDF,Mir.az Kitab,Bilmek DeÄŸiÅŸtirir . 	KitaplarÄ±n hayatÄ±nÄ±zda bir yeri varsa bu kanal tam sizin iÃ§indir.	Wp: https://whatsapp.com/channel/0029Vb61pMC7z4kmB7UUQW1T		whatsapp: +994515299358	mail: info@mir.az	Instagram: @mirazkitab	1000k: okuryus	Ä°letiÅŸim: @okuryus,telegram kitap pdf,Mir.az Kitab â€“ Telegram,"VIEW IN TELEGRAM. Kitaplara sitemizden ulaÅŸa bilirsiniz SayÄ±n Mir.az Ailesi ... Osman Aysu ""Ã‡Ã¶l akrebi"" PDF Â» Kitap indir - Mir.az. AdÄ± Leyla... YaÅŸÄ± 28Â ...",2,channel_or_user,2026-01-11T09:51:43+00:00
atillauslu,https://t.me/atillauslu,Dr Dahiliye ğŸ“–ğŸš€,Ä°Ã§ HastalÄ±klarÄ± ve Hematoloji UzmanÄ± Dr. Atilla Uslu tarafÄ±ndan yÃ¶netilmektedir. 	Dahiliye paylaÅŸÄ±mlarÄ± ve duyurularÄ±n yapÄ±lacaÄŸÄ± kanaldÄ±r.,telegram kitap pdf,Dr Dahiliye â€“ Telegram,Kitap baskÄ±larÄ± bittiÄŸinde rutin bir ÅŸekilde yeni baskÄ±lar Ã§Ä±kacaktÄ±r. ... 13 AralÄ±k Cuma 10.00 TIPDEMY telegram kanalÄ±mÄ±z Ã¼zerinden PDF paylasacaÄŸÄ±z.,0,channel_or_user,2026-01-11T09:51:43+00:00
ebooooksbot,https://t.me/ebooooksbot,eBooks,"Ebooks from PdfDrive, Library Genesis, eBook-Hunter, Anna's Archive, Zlibrary, and OpenLibrary

creater: @shadoooow",telegram ebooks archive,Launch @ebooooksbot - Telegram,"Ebooks from PdfDrive, Library Genesis, eBook-Hunter, Anna's Archive, Zlibrary, and OpenLibrary creater: @shadoooow Â· Start Bot. If you have Telegram, you canÂ ...",4,channel_or_user,2026-01-11T09:51:43+00:00
Audiobooks_Collection,https://t.me/Audiobooks_Collection,Quotes Collection â€¢ Quotes Archive â€¢ Book Snippets,â„¹ï¸DMCA DISCLOSURE: 	https://telegra.ph/DMCA-Disclosure-for-Audiobooks-collection-and-eBookscafe-channel-08-31		Sharing Insights from Books	Contact : @Blissmanagerbot,telegram ebooks archive,Quotes Collection â€¢ Quotes Archive â€¢ Book Snippets â€“ Telegram,Which book would you add to the list?? @Audiobooks_collection @eBooksCafe @TheBestTwitterThreads. Click On The Book Link â˜ï¸ to Download eBook + AudiobookÂ ...,2,channel_or_user,2026-01-11T09:51:43+00:00
qformgroup,https://t.me/qformgroup,QForm Group,"Welcome to the official QFORM GROUP channel. Here you will find news, announcements, event schedules and other important information.		www.qform3d.com",telegram ebooks archive,View @qformgroup - Telegram,"Welcome to the official QFORM GROUP channel. Here you will find news, announcements, event schedules and other important information. www.qform3d.com.",0,channel_or_user,2026-01-11T09:51:43+00:00
audiobooks_collection,https://t.me/audiobooks_collection,Quotes Collection â€¢ Quotes Archive â€¢ Book Snippets,â„¹ï¸DMCA DISCLOSURE: 	https://telegra.ph/DMCA-Disclosure-for-Audiobooks-collection-and-eBookscafe-channel-08-31		Sharing Insights from Books	Contact : @Blissmanagerbot,telegram ebooks archive,Quotes Collection â€¢ Quotes Archive â€¢ Book Snippets â€“ Telegram,Quotes from The Rudest Book Ever. @Audiobooks_collection @eBooksCafe @TheBestTwitterThreads. â¤11 3 1 Â ...,2,channel_or_user,2026-01-11T09:51:43+00:00
Audiobooks_collection,https://t.me/Audiobooks_collection,Quotes Collection â€¢ Quotes Archive â€¢ Book Snippets,â„¹ï¸DMCA DISCLOSURE: 	https://telegra.ph/DMCA-Disclosure-for-Audiobooks-collection-and-eBookscafe-channel-08-31		Sharing Insights from Books	Contact : @Blissmanagerbot,telegram ebooks archive,Quotes Collection â€¢ Quotes Archive â€¢ Book Snippets â€“ Telegram,Odds are it isn't. Odds are you just think whatever you're told.â€ @Audiobooks_collection @eBooksCafe @TheBestTwitterThreads. 10Â ...,2,channel_or_user,2026-01-11T09:51:43+00:00
archive_artbooks,https://t.me/archive_artbooks,Artbook Archive,Art Chive (Artbooks Archive) https://t.me/archive_artbook,telegram ebooks archive,View @archive_artbooks - Telegram,"Art Chive (Artbooks Archive) https://t.me/archive_artbook. View in Telegram. If you have Telegram, you can view and join. Artbook Archive right away.",0,channel_or_user,2026-01-11T09:51:43+00:00
BlenderTutorsFull,https://t.me/BlenderTutorsFull,BlenderTutorsFull,BlenderTutorsFull - Tutoriais de Blender do BÃ¡sico ao avanÃ§ado,telegram ebooks archive,BlenderTutorsFull â€“ Telegram,"Model and render stem cells in eevee using Blender 2.8. - Grab a free CG Animation Time Saver eBook here, learn about the industry and get lots of shortcutsÂ ...",0,channel_or_user,2026-01-11T09:51:43+00:00
paulwaggenerofficial,https://t.me/paulwaggenerofficial,Paul Waggener Official,"Home of all associated projects, news updates and power propaganda. 		www.paulwaggener.com",telegram ebooks archive,Paul Waggener Official â€“ Telegram,"... ebooks, audio, etc. I don't run storewide discounts like this often so if ... archive, which you can permanently access for a one time donation. HERE.",0,channel_or_user,2026-01-11T09:51:43+00:00
audiobooksarchive,https://t.me/audiobooksarchive,Audio Books Archive,"Recommendations, quotes, and more to keep your love of reading alive.		Contact: @hodler",telegram ebooks archive,Audio Books Archive â€“ Telegram,"Our pinned message features a lively community of book lovers, sharing ebooks and audiobooks â€” all free of charge. Join us now for an endless supply ofÂ ...",0,channel_or_user,2026-01-11T09:51:43+00:00
EbookRoom,https://t.me/EbookRoom,eBook Room,"Get interesting pdf books related to biography, business, fiction, humor, nonfiction, novel, philosophy, poetry, politics, self-help.		Buy ads:	https://telega.io/c/eBookRoom",telegram ebooks archive,eBook Room â€“ Telegram,"In The Graveyard Of Empires Â· Seth G. Jones Â· 4.4MB ; The Mitrokhin Archive II: The KGB in the World Â· Christopher Andrew, Vasili Mitrokhin Â· 8.9 MB ; Boots BeltsÂ ...",4,channel_or_user,2026-01-11T09:51:43+00:00
usefarabi,https://t.me/usefarabi,"Dentistry E-Book, Course & Journal",Dentistry Original E-Books & E-Journals & Courses,telegram ebooks archive,"Dentistry E-Book, Course & Journal â€“ Telegram",Special Packages Archive from 1951 to 2026 â€”â€”â€”â€” E-Journal: The Journal of Prosthetic Dentistry (JPD) 816 issues (12 issues/year) â€”â€”â€”- For order this packageÂ ...,2,channel_or_user,2026-01-11T09:51:43+00:00
lrcwiut,https://t.me/lrcwiut,LRC-WIUT,Official channel of Learning Resource Center (LRC) at Westminster International University in Tashkent (WIUT) 	https://linktr.ee/wiutlrc,telegram ebooks archive,LRC-WIUT â€“ Telegram,"Full-text dissertations are archived as submitted by the degree-granting institution. Some will be native PDF, some PDF image. For off-campus access pleaseÂ ...",0,channel_or_user,2026-01-11T09:51:43+00:00
thebitverse,https://t.me/thebitverse,Bitverse Announcements,The latest official news and information from The Bitverse! | Discord.gg/bitverse,telegram ebooks archive,View @thebitverse - Telegram,"... from The Bitverse! | Discord.gg/bitverse. View in Telegram Â· Preview channel. If you have Telegram, you can view and join. Bitverse Announcements right away.",0,channel_or_user,2026-01-11T09:51:43+00:00
TheAmberRoom,https://t.me/TheAmberRoom,The Amber Room,Various Tabletop RPGS and RPG related assets.		Pinned messages has rules and tags for searching.		The group link for requesting and submiting  to the channel contact admins,telegram ebooks archive,The Amber Room â€“ Telegram,Various Tabletop RPGS and RPG related assets. Pinned messages has rules and tags for searching. The group link for requesting and submiting to the channelÂ ...,0,channel_or_user,2026-01-11T09:51:43+00:00
AudiobooksArchive,https://t.me/AudiobooksArchive,Audio Books Archive,"Recommendations, quotes, and more to keep your love of reading alive.		Contact: @hodler",telegram ebooks archive,View @AudiobooksArchive - Telegram,"... love of reading alive. Contact: @hodler Â· View in Telegram Â· Preview channel. If you have Telegram, you can view and join. Audio Books Archive right away.",0,channel_or_user,2026-01-11T09:51:43+00:00
XiaomiFirmwareUpdater,https://t.me/XiaomiFirmwareUpdater,XM Firmware Updater,Auto updated XM firmware flashable zip files.	https://xmfirmwareupdater.com	XDA: https://bit.ly/2Fl9lLZ	By @yshalsager	Network: @yshalsager_projects	Buy ads: https://telega.io/c/XiaomiFirmwareUpdater,telegram ebooks archive,XM Firmware Updater â€“ Telegram,"08:33 Â· V14.0.4.0.TGOINXM | 13.0Firmware Archive ... You can do this using GitHub Sponsors, LibrePay, or PayPal. Telegram. eBook Converter Bot.",0,channel_or_user,2026-01-11T09:51:43+00:00
obsidian_hub,https://t.me/obsidian_hub,Obsidian Hub,"Obsidian, Zettelkasten, etc.	ĞŸĞ¾Ğ´Ğ±Ğ¾Ñ€ĞºĞ¸, ÑÑÑ‹Ğ»ĞºĞ¸ Ğ¸ Ğ¿Ñ€Ğ¾Ñ‡Ğ¸Ğµ Ğ¼Ğ°Ñ‚ĞµÑ€Ğ¸Ğ°Ğ»Ñ‹ Ğ´Ğ»Ñ Ğ¸Ğ·ÑƒÑ‡ĞµĞ½Ğ¸Ñ		Ğ’Ñ…Ğ¾Ğ´: #MOC",telegram ebooks archive,Obsidian Hub â€“ Telegram,- How to Take Smart Notes in Obsidian eBook - Smart Notes Obsidian ... - LYT Kit 6 (archive) - LYT Kit 5 (archive) #NickMilo #LYT #obsidian #vaultÂ ...,0,channel_or_user,2026-01-11T09:51:43+00:00
jpbookpdf,https://t.me/jpbookpdf,Japan Digital Library ğŸ“–,"Welcome to ""Japan Digital Library""		Owner Acc - @Nao_Yuki",telegram ebooks archive,View @jpbookpdf - Telegram,"Welcome to ""Japan Digital Library"" Owner Acc - @Nao_Yuki Â· View in Telegram Â· Preview channel. If you have Telegram, you can view and join",1,channel_or_user,2026-01-11T09:51:43+00:00
LightNovelArchives,https://t.me/LightNovelArchives,Light Novel Archive,A collective channel for Light Novels and Web Novels		Promo :-  @PromotionInGallery		Request Light Novels here :- @lightnovelarchive_bot		Check ğŸ‘‡	Anime : @Anime_Gallery	Manga: @manga_gallery	Anime Ost: @animemusicstash	Anime News: @Anime_News,telegram ebooks archive,View @LightNovelArchives - Telegram,"Anime Ost: @animemusicstash. Anime News: @Anime_News Â· View in Telegram Â· Preview channel. If you have Telegram, you can view and join. Light Novel ArchiveÂ ...",0,channel_or_user,2026-01-11T09:51:43+00:00
taekwondoeurope,https://t.me/taekwondoeurope,ETU - European Taekwondo Union,European Taekwondo Union - Official Channel,telegram document channel,ETU - European Taekwondo Union â€“ Telegram,"European Taekwondo Union - Official Channel. Download Telegram Â· About Â· Blog ... DOCUMENTS, DRAWS AND RESULTS https://europetaekwondo.org/documents/. 8.",0,channel_or_user,2026-01-11T09:51:43+00:00
ECWCCOM,https://t.me/ECWCCOM,ECWC/áŠ¢áŠ®áˆ¥áŠ®,Official ECWC Telegram Channal	.á‹¨áŠ®áˆ­á–áˆ¬áˆ½áŠ‘  á‹œáŠ“á‹á‰½	.á‹¨áŒ¨áˆ¨á‰³áŠ“ á‹¨áˆ¥áˆ« áˆ›áˆµá‰³á‹ˆá‰‚á‹«á‹á‰½	. á‰ á‹¨á‹ˆáˆ© á‹¨áˆšá‰³á‰°áˆ˜á‹ á‹¨á‹œáŠ“ áˆ˜áŒ½áˆ„á‰µ	. áá‰¶á‹á‰½ áŠ¥áŠ“ áŠ áŒ«áŒ­áˆ­ á‰ªá‹²á‹®á‰½	.á‰ á‹¨ 6á‹ˆáˆ© á‹¨áˆšá‰³á‰°áˆ˜á‹ á‹¨áŠ®áˆ­á–áˆ¬áˆ½áŠ‘ á‹•á‹­á‰³ áˆ˜áŒ½áˆ„á‰µ áŠ¥áŠ“ á‹¨áŠ®áˆ­á–áˆ¬áˆ½áŠ‘ á•áˆ®á‹á‹­áˆ á‰ á‹šáˆ… áŒˆáŒ½ áˆ‹á‹­ á‰ á‹¨áŒŠá‹œá‹ á‹­á‰€áˆ­á‰£áˆá¡á¡,telegram document channel,ECWC/áŠ¢áŠ®áˆ¥áŠ® â€“ Telegram,"Bidding document should be prepared in English language. 4. Interested ... Telegram Channel-ECWC.BI . 8.42K views 23:49. October 25, 2024. ECWC/áŠ¢áŠ®áˆ¥áŠ®.",0,message,2026-01-11T09:51:43+00:00
MOHMediaGaza,https://t.me/MOHMediaGaza,ÙˆØ²Ø§Ø±Ø© Ø§Ù„ØµØ­Ø© Ø§Ù„ÙÙ„Ø³Ø·ÙŠÙ†ÙŠØ©/ ØºØ²Ø©,Ø§Ù„Ù…ÙƒØªØ¨ Ø§Ù„Ø§Ø¹Ù„Ø§Ù…ÙŠ Ù„ÙˆØ²Ø§Ø±Ø© Ø§Ù„ØµØ­Ø© Ø¨Ù‚Ø·Ø§Ø¹ ØºØ²Ø©,telegram document channel,View @MOHMediaGaza - Telegram,"View In Channel. <script async src=""https://telegram.org/js/telegram-widget.js?22"" data-telegram-post=""MOHMediaGaza/5271"" data-width=""100%""></script>.",0,message,2026-01-11T09:51:43+00:00
UpscWithNeelesh_AIR442,https://t.me/UpscWithNeelesh_AIR442,ETHICS AND ESSAY WITH NEELESH,"UPSC CSE 2021 	Rank 442	128 marks in Essay	Here to guide UPSC Aspirants for Ethics, Essay, Prelims and Sociology Optional	My Prelims Channel - https://t.me/UPSCPrelimsWithNeelesh	My Sociology Channel - https://t.me/SociologyWithNeelesh neeleshair442.com",telegram document channel,ETHICS AND ESSAY WITH NEELESH â€“ Telegram,"If you don't have format, I already have shared in the channel in the pinned section. ... Till then, you are advised to do polity as per PYQ document andÂ ...",0,channel_or_user,2026-01-11T09:51:43+00:00
dreammathsyoutube,https://t.me/dreammathsyoutube,Dream maths ğŸ˜‡,You can view and join @dreammathsyoutube right away.,telegram document channel,Dream maths â€“ Telegram,WhatsApp Channel: https://whatsapp.com/channel/0029Va4km2zHwXbDimkJmW2x ... Check out Bharti's document. Open the shared document: https://acrobat.adobeÂ ...,0,channel_or_user,2026-01-11T09:51:43+00:00
ksgindia,https://t.me/ksgindia,KSG IAS - KSG India (Official Telegram Channel),"We welcome you all to KSG IAS. We are a well known UPSC Coaching Institute in India preparing candidates for the Civil Services Examination at all three stages of the exam such as Prelims, Mains and Interview. Call 9654376543 9990999707 For More Details.",telegram document channel,KSG IAS - KSG India (Official Telegram Channel) â€“ Telegram,"Today's Headlines - 22 July 2023. India, Sri Lanka adopt vision document. GS Paper - 2 (International Relations) India and Sri Lanka adopted an ambitiousÂ ...",0,channel_or_user,2026-01-11T09:51:43+00:00
ShredyJabarinTelegram,https://t.me/ShredyJabarinTelegram,Shredy Jabarin Telegram Channel,The telegram channel of Shredy Jabarin.,telegram document channel,Shredy Jabarin Telegram Channel â€“ Telegram,"I'd like to celebrate this new telegram channel with the new music video that I worked on lately - soulquakes. ... The documentary is in German, but this scam hasÂ ...",0,channel_or_user,2026-01-11T09:51:43+00:00
startabap,https://t.me/startabap,SAP ABAP learning/Documents/Jobs/ Issue discussion,SAP is the world leading ERP	Learn ABAP		https://www.youtube.com/channel/UCXlth2zEZVfww7eRJOFxDAg,telegram document channel,SAP ABAP learning/Documents/Jobs/ Issue discussion â€“ Telegram,SAP ABAP learning/Documents/Jobs/ Issue discussion. Almost 30+ documents available in documents channel https://t.me/abap_documents Â· @jgarridos shared all SAPÂ ...,0,channel_or_user,2026-01-11T09:51:43+00:00
kritichampions,https://t.me/kritichampions,Kriti Champions OP,"Welcome to our family #boardwithkritidiğŸ˜š	You will get notes, pdf, important questions etc here. 	You can also buy my book SCORE 100 -	https://amzn.in/d/bnOBNpv	PuchiiessğŸ”¥",telegram document channel,Kriti Champions OP â€“ Telegram,TELEGRAMâ¡ï¸ : htâ€¦ â¤159 13 11 8 7 3 3 3 2. 68.3K views 06:46 ... Channel link- https://youtube.com/@creativelearningop?si=0yPhbUyDGj8DWpA4,3,channel_or_user,2026-01-11T09:51:43+00:00
DevOpsSREbootcamp3,https://t.me/DevOpsSREbootcamp3,DEVOPS&SRE ADVANCED BOOTCAMP3,ğŸš¨Very Important ğŸš¨		Just a heads-up if anyone from the group pings you seperately and requests any of your personal details please BLOCK THEM.		As few of you said that some members are asking for MONEY/HELP WITH PAYMENT GATEWAY they have been banned from,telegram document channel,DEVOPS&SRE ADVANCED BOOTCAMP3 â€“ Telegram,âœ“JOIN THE DEDICATED TELEGRAM GROUP FOR DOCUMENTS- https://bit.ly/DevOpsSREbootcamp3â€¦ ... channel was made as a wordâ€¦ | 78 comments. 15 days back the biggestÂ ...,0,channel_or_user,2026-01-11T09:51:43+00:00
white_spade44,https://t.me/white_spade44,Divyanshu Nigam IAS Resources/Tips,"Hello Everyone, this is Divyanshu Nigam -- AIR 44 CSE 2020 from Lucknow. Here I will be sharing my tips/test copies. 		I know the so-called 'toppers' material really helped me in my preparation and so trying to give back to the community. 		All the best.",telegram document channel,Divyanshu Nigam IAS Resources/Tips â€“ Telegram,"Document 4. ... If you've registered for the session being conducted by UPSC Fundamentally on mental health on the 17th, please join this Telegram channel to helpÂ ...",0,channel_or_user,2026-01-11T09:51:43+00:00
OHUB4AllET,https://t.me/OHUB4AllET,OHUB,ğŸ”¥ Ignite your Imagination 	ğŸ‘¨â€ğŸ’» Study abroad programs	ğŸ“’ International conferences	ğŸ“ Scholarships	ğŸ’° Job opportunities	Connect with us: 	Instagram á¡ @ohub_et  	LinkedIn á¡ @ohubet 	Facebook á¡ @ohub4allet	TikToká¡ @estifohub  	Website á¡ ohubet.com,telegram document channel,OHUB â€“ Telegram,"From Document Prep to Expert Visa Assistance with OHUB #Success ... In 2025, our Telegram channel achieved remarkable growth and engagement. WeÂ ...",2,channel_or_user,2026-01-11T09:51:43+00:00
dolivebtv,https://t.me/dolivebtv,Dolapo | DoliveB TV,Welcome to this great community		Hello and thank you for joining our community! I'm excited to have you on board.,telegram document channel,Dolapo | DoliveB TV â€“ Telegram,Let AI do the heavy lifting for your business adverts! I just dropped a full *step-by-step tutorial* on how I create *realistic video ads*,0,channel_or_user,2026-01-11T09:51:43+00:00
naijasermonsng,https://t.me/naijasermonsng,Naijasermon.com (Channel),You can view and join @naijasermonsng right away.,telegram document channel,Naijasermon.com (Channel) â€“ Telegram,"Document from Naijasermon Tv. 1. 3.64K views 12:36. November 16, 2023 ... How to Save Telegram Files to Phone Storage. 11. 4.24K views 10:41. November 17Â ...",0,channel_or_user,2026-01-11T09:51:43+00:00
HSEenter,https://t.me/HSEenter,#FLYtoHSEuniversity,Official HSE University information channel on admission opportunities for international undergraduate and graduate applicants		HSE University official website for international applicants: https://admissions.hse.ru/en/,telegram document channel,#FLYtoHSEuniversity â€“ Telegram,"Specialists assist with visa and immigration issues, document ... channel! P.S. These snowflakes were created by a designer and HSE UniversityÂ ...",0,channel_or_user,2026-01-11T09:51:43+00:00
ibdocs_2,https://t.me/ibdocs_2,IB Documents (2) Team,Website:	https://index.ibdocs.cc,telegram document channel,View @ibdocs_2 - Telegram,"Website: https://index.ibdocs.cc. View in Telegram Â· Preview channel. If you have Telegram, you can view and join. IB Documents (2) Team right away.",0,channel_or_user,2026-01-11T09:51:43+00:00
CGWitness,https://t.me/CGWitness,Church Gist Channel,Witness Leader Commander		https://linktr.ee/contactchurchgist,telegram document channel,Church Gist Channel â€“ Telegram,"Write it down, document it! What are you expecting to see happen at Shiloh 2024? Don't write it down casually, prepare it ahead. So many people come and theyÂ ...",0,message,2026-01-11T09:51:43+00:00
durov,https://t.me/durov,Pavel Durov,Founder of Telegram.,telegram document channel,Pavel Durov â€“ Telegram,"... Telegram bot or channel). We are proud of this popularity and we love ... document creation, gift sending, subscription tiers, emoji statuses â€” and much moreÂ ...",0,message,2026-01-11T09:51:43+00:00
newfileconverterbot,https://t.me/newfileconverterbot,File Converter,"This bot allows to convert files from one format to another easily. It works with images, audio files, and videos.",telegram document channel,Launch @newfileconverterbot - Telegram,"This bot allows to convert files from one format to another easily. It works with images, audio files, and videos. Start Bot. If you have Telegram,Â ...",1,channel_or_user,2026-01-11T09:51:43+00:00
IGCSE_S_A_files,https://t.me/IGCSE_S_A_files,(S.A.filesğŸ“š) IGCSE Materials - Suha Algharaz,https://t.me/IGCSE_S_A_files		FREE IGCSE Materials (S.A.filesğŸ“š) âœ¨ï¸Suha AlGharazâœ¨ï¸	Founder of Success Groups IGCSE		ØµØ¯Ù‚Ø© Ø¬Ø§Ø±ÙŠØ© Ù„ÙŠ ÙˆÙ„ÙˆØ§Ù„Ø¯ÙŠ ÙˆÙ„Ù„Ù…Ø³Ù„Ù…ÙŠÙ†	ğŸ’¥*Telegram groups*ğŸ’¥	ğŸ“Œ *IGCSE Groups*	https://t.me/addlist/ae5LWCgVcHs2NDg8	.,telegram document channel,View @IGCSE_S_A_files - Telegram,"*Telegram groups* *IGCSE Groups* https://t.me/addlist/ae5LWCgVcHs2NDg8 . View in Telegram Â· Preview channel. If you have Telegram, you can view and join",0,channel_or_user,2026-01-11T09:51:43+00:00
aadityaguptaclassesagc,https://t.me/aadityaguptaclassesagc,Aaditya Gupta Classes,This is the official channel of Aaditya Gupta Classes to provide free educational content for BCOM. Share and spread â¤ï¸,telegram document channel,Aaditya Gupta Classes â€“ Telegram,This is the official channel of Aaditya Gupta Classes to provide free educational content for BCOM. ... Document from Aaditya Gupta. 1 1. 4.43K viewsAadityaÂ ...,0,channel_or_user,2026-01-11T09:51:43+00:00
boingy,https://t.me/boingy,Jay's Boingy Tails,You can view and join @boingy right away.,telegram document channel,Jay's Boingy Tails â€“ Telegram,"I will update in the channel in approximately 1 week with the final results and charity payment receipts. â¤44. 7.54K viewsJay Enfield, 01:14.",0,channel_or_user,2026-01-11T09:51:43+00:00
trainwithshubham,https://t.me/trainwithshubham,TrainWithShubham,Welcome to TrainWithShubham Community - A YouTube Channel with around 60k+ Family of DevOps Engineers and Python Devs from India.		Website: https://trainwithshubham.com		Channel: https://youtube.com/@TrainWithShubham,telegram document channel,TrainWithShubham â€“ Telegram,TrainWithShubham WhatsApp Channel. TrainWithShubham is a one-stop for DevOps ... Notes: https://docs.google.com/document/d/Â ...,0,channel_or_user,2026-01-11T09:51:43+00:00
theanonymousupscaspirant,https://t.me/theanonymousupscaspirant,Clarity for UPSC by Dr.Shivin (AIR - 297),"AIR - 297	UPSC CSE 2022		Youtube : https://www.youtube.com/@ClarityforUPSCbyDr.Shivin		I will tell you where to look, but I won't tell you what to see.",telegram document channel,Clarity for UPSC by Dr.Shivin (AIR - 297) â€“ Telegram,Video on indian philosophy has been made by varun sir and it has been uploaded on edsarrthi's youtube channel. Will upload the one word questions for artÂ ...,0,channel_or_user,2026-01-11T09:51:43+00:00
rrsinfodesk,https://t.me/rrsinfodesk,RRS Information Desk,RRS Addis Ababa Urban Information Desk,telegram document channel,RRS Information Desk â€“ Telegram,"(Morning) Dear applicants of Self Applicant, UNHCR, Data clouser & German travel document, ... UNHCR Message for RRS Info Desk Telegram Channel.pdf. 186.1 KB.",0,channel_or_user,2026-01-11T09:51:43+00:00
shaktidubey_1,https://t.me/shaktidubey_1,Shakti Dubey UPSC CSE 2024 - AIR 1,You can view and join @shaktidubey_1 right away.,telegram document channel,Shakti Dubey UPSC CSE 2024 - AIR 1 â€“ Telegram,"Apr 25, 2025 ... This is my only official telegram channel , which i will be using to ... 3)Our Planet documentary https://youtube.com/playlist?listÂ ...",0,channel_or_user,2026-01-11T09:51:43+00:00
sembawangcountryclub,https://t.me/sembawangcountryclub,Sembawang Country Club,"A premier Golf and Country Club in Singapore, providing an exceptional experience for all, which members are proud of.",telegram document channel,Sembawang Country Club â€“ Telegram,"Dear Members, We've uploaded a copy of our â€œSCC Members Portal Terms & Conditions Of Useâ€ to Members Portal â†’ Documents â†’ â€œMembership Documentsâ€Â ...",0,message,2026-01-11T09:51:43+00:00
pdfbot,https://t.me/pdfbot,PDF Bot,A bot that can do a lot of things related to PDF files,telegram document channel,Launch @pdfbot - Telegram,"A bot that can do a lot of things related to PDF files. Start Bot. If you have Telegram, you can launch. PDF Bot right away.",3,channel_or_user,2026-01-11T09:51:43+00:00
nucleus_education_kota,https://t.me/nucleus_education_kota,Nucleus Education Lecture,ğŸ‘‰  Nucleus Education Lecture 		All Top and Best Faculty Lecture 		ğŸ‘‰ Admin @FreePathSalaBot	ğŸ‘‰ backup @FreePathSala,telegram lecture notes pdf,Nucleus Education Lecture â€“ Telegram,VIEW IN TELEGRAM. 62 - DEFINITE INTEGRATION LECTURE-2.mp4. 11.1K views 22:08 ... Nucleus Education Lecture Â· Copy of SKM SIR OGRANIC CHEMISTRY NOTES PART-5.pdf.,0,channel_or_user,2026-01-11T09:51:43+00:00
physicsbyMRsir,https://t.me/physicsbyMRsir,Mr sir official,You can view and join @physicsbyMRsir right away.,telegram lecture notes pdf,Mr sir official â€“ Telegram,In this lecture we will solve complete pyq of gravitation and revise all concept | for notes and pdf join here https://t.me/physicsbyMRsir. â¤30 16 8 7 4Â ...,0,channel_or_user,2026-01-11T09:51:43+00:00
Nucleus_Education_Kota,https://t.me/Nucleus_Education_Kota,Nucleus Education Lecture,ğŸ‘‰  Nucleus Education Lecture 		All Top and Best Faculty Lecture 		ğŸ‘‰ Admin @FreePathSalaBot	ğŸ‘‰ backup @FreePathSala,telegram lecture notes pdf,Nucleus Education Lecture â€“ Telegram,VIEW IN TELEGRAM. 62 - DEFINITE INTEGRATION LECTURE-2.mp4. 14.3K views 22:08 ... Nucleus Education Lecture Â· Copy of SKM SIR OGRANIC CHEMISTRY NOTES PART-5.pdf.,0,channel_or_user,2026-01-11T09:51:43+00:00
kanishak2018notesandstrategy,https://t.me/kanishak2018notesandstrategy,Kanishak: Strategy and Notes for UPSC,"I'll try to share my experiences, strategy and relevant notes through this channel in the short term.",telegram lecture notes pdf,Kanishak: Strategy and Notes for UPSC â€“ Telegram,"... pdf?dl=0. I would recommend that for the Philosophy section refer to self notes (class notes are all haphazard), and for the other two sections, class notesÂ ...",1,channel_or_user,2026-01-11T09:51:43+00:00
AkanshaKarnwal,https://t.me/AkanshaKarnwal,Akansha Karnwal,ğŸ‘©ğŸ»â€ğŸ«My Unacademy Profile -  https://unacademy.com/@beproton/batches		Instagram Link - https://www.instagram.com/akanshakarnwal_?igsh=MWlzdXVwYmRwcWFiZQ%3D%3D&utm_source=qr,telegram lecture notes pdf,Akansha Karnwal â€“ Telegram,"Dec 25, 2025 ... â€¢ Theory Lecture + Notes â€¢ DPP â€¢ Formula Sheets React with a â¤ï¸ if ... Thermodynamics Formula Sheet by Akansha Karnwal .pdf.pdf. 969.1Â ...",0,channel_or_user,2026-01-11T09:51:43+00:00
exphub910,https://t.me/exphub910,Exphub 9th & 10th,"New channel for 9th and 10th class studentsğŸ”¥		""Ab hm milkr exam me 95+ achieve krnge""		YouTube ğŸ‘‡ https://youtube.com/channel/UC4rZpoEdeFLF4x9walsyoSw",telegram lecture notes pdf,Exphub 9th & 10th â€“ Telegram,Heredity (Prashant Kirad).pdf. 2.7 MB. Notes of lecture - Phle pura lecture dekhlenaa âœ“. â¤1.93K 755 157 96 59 54 52 49 40 39 37. 273K viewsedited 10Â ...,0,channel_or_user,2026-01-11T09:51:43+00:00
organicchemistrybyrohitagrawal,https://t.me/organicchemistrybyrohitagrawal,Organic chemistry by Rohit Agrawal,You can view and join @organicchemistrybyrohitagrawal right away.,telegram lecture notes pdf,Organic chemistry by Rohit Agrawal â€“ Telegram,â™¦ï¸Class Notes PDF - https://physicswallah.onelink.me/ZAZB/0uxac25f â™¦ï¸ ... Telegram: https://t.me/pwjeewallah. Lecture by - Rohit Agarwal Sir,0,channel_or_user,2026-01-11T09:51:43+00:00
manziliitjee,https://t.me/manziliitjee,Manzil IIT JEE ğŸš€,Official PW JEE Discussion Group For MANZIL 2024 ğŸ’¯		â€¢ Get All PDF & Class notes of Manzil 2024 & 2025,telegram lecture notes pdf,View @manziliitjee - Telegram,"Official PW JEE Discussion Group For MANZIL 2024 â€¢ Get All PDF & Class notes of Manzil 2024 & 2025. View in Telegram. If you have Telegram,Â ...",3,channel_or_user,2026-01-11T09:51:43+00:00
jaspalsirofficial,https://t.me/jaspalsirofficial,Acadla Official,"One stop point for Quiz, Notes, DPP, lecture links and complete content to master Civil Engineering to prepare for PSUs, GATE and ESE.		Coordinated & furnished by Jaspal Singh, Ex-IES, World Book of Records Holder.",telegram lecture notes pdf,View @jaspalsirofficial - Telegram,"One stop point for Quiz, Notes, DPP, lecture links and complete content to master Civil Engineering to prepare for PSUs, GATE and ESE. CoordinatedÂ ...",1,channel_or_user,2026-01-11T09:51:43+00:00
anushkamaamchemistry,https://t.me/anushkamaamchemistry,Anushka Maam Chemistry,Welcome to the beautiful world of chemistry,telegram lecture notes pdf,Anushka Maam Chemistry â€“ Telegram,Class Notes ( Chemical Kinetics )-1.pdf. 10.1 MB. Chemical Kinetics ke class notes bache . https://unacademy.onelink.me/M2BR/warmdzhx. 10â¤8 6 1. 7.1K viewsÂ ...,0,channel_or_user,2026-01-11T09:51:43+00:00
drgargisingh,https://t.me/drgargisingh,"Gargi Singh mam Biology NEET/ Class 11-12 | Notes, Lectures, Quizzes",Be a part of this group for focused guidance to help you succeed in your NEET journey in an interactive and fun way,telegram lecture notes pdf,"Gargi Singh mam Biology NEET/ Class 11-12 | Notes, Lectures ...","Biotechnology Unit Notes.pdf. 12.8 MB. â¤7. 2.1K views 21:31. December 31, 2025 ... VIEW IN TELEGRAM. 0:59. 1.73K views 05:45. January 7. Gargi Singh mamÂ ...",1,channel_or_user,2026-01-11T09:51:43+00:00
cdsjourney,https://t.me/cdsjourney,cds.journey,Naukri se pehle wala Apka GharğŸ’™ğŸ§¿ğŸ«¡,telegram lecture notes pdf,cds.journey â€“ Telegram,"Dec 31, 2025 ... Ye btao AFCAT PYQ series ki 3 class karliya hai humne kya 4th and 5th class bhi krke sabhi class ki ek combined pdf bhej du bs wo pdf reviseÂ ...",0,channel_or_user,2026-01-11T09:51:43+00:00
pratikjagati,https://t.me/pratikjagati,PRATIK JAGATI FR & AFM,OM NAMAH SHIVAY		à¥ à¤¤à¥à¤°à¥à¤¯à¤®à¥à¤¬à¤•à¤‚ à¤¯à¤œà¤¾à¤®à¤¹à¥‡ à¤¸à¥à¤—à¤¨à¥à¤§à¤¿à¤‚ à¤ªà¥à¤·à¥à¤Ÿà¤¿à¤µà¤°à¥à¤§à¤¨à¤®à¥ à¤‰à¤°à¥à¤µà¤¾à¤°à¥à¤•à¤®à¤¿à¤µ à¤¬à¤¨à¥à¤§à¤¨à¤¾à¤¨à¥ à¤®à¥ƒà¤¤à¥à¤¯à¥‹à¤°à¥à¤®à¥à¤•à¥à¤·à¥€à¤¯ à¤®à¤¾à¤®à¥ƒà¤¤à¤¾à¤¤à¥ 		Instagram - Instagram.com/pratikjagati	Website - www.pratikjagati.com 	Twitter -,telegram lecture notes pdf,PRATIK JAGATI FR & AFM â€“ Telegram,"IND As 19 Revision Notes.pdf. 6.9 MB Â· IND AS 12 REV NOTES PRACTICAL.pdf. 10 MB Â· Ind As 102 Class Notes Copy.pdf. 17.1 MB. â¤56 24 8 3. 39.1K viewsKing, 07:00.",0,channel_or_user,2026-01-11T09:51:43+00:00
Physics_Notes_Class_11th_12th,https://t.me/Physics_Notes_Class_11th_12th,Physics Notes Class 11th 12th,â˜ï¸Contact | Advertising â­ @ShubhamS90		âœ…HERE YOU GET ALL 11TH & 12TH  STUDY MATERIAL 		â¥ USE BOT FOR ALL NOTES ğŸ“	â¥ â˜… @SCIENCECENTRALBOT â˜… 	     â² @NEET_JEE_CET_BOT		Group â­ t.me/+jwIPtrHAwFkyYWM1 â¬…ï¸,telegram lecture notes pdf,Physics Notes Class 11th 12th â€“ Telegram,LOCOMOTION AND MOVEMENT BIOLOGY NOTES.pdf Â· â© 23. NEURAL CONTROL AND CO-ORDINATION BIOLOGY NOTES.pdf Â· â© 24. CHEMICAL CO ORDINATION AND INTEGRATION BIOLOGYÂ ...,1,message,2026-01-11T09:51:43+00:00
mathsunpluggedchannel,https://t.me/mathsunpluggedchannel,Maths Unplugged!ğŸ˜,"""BE HONEST WITH YOURSELF""	Easiest yet toughest thing to follow.	And this one advice is my mentorship summarised. That's all you need.",telegram lecture notes pdf,Maths Unplugged! â€“ Telegram,Drive par notes upload kar diye hain Black m white both and timestamps ... Detailed Theory Lecture of Entire Integral Calculus today (upload hoga directly),0,channel_or_user,2026-01-11T09:51:43+00:00
Physicswallah_Lakshya_Batch,https://t.me/Physicswallah_Lakshya_Batch,Physicswallah Lakshya Batch Lecture Notes and DPPs,All PHYSICS WALLAH study Channels		âš‰ Lectures	â”‚	â”œ @lakshya_batch_physicswallah1	â•° @Physicswallah0 (Backup)		âš‰ Notes & DPPs 	â”‚	â•° @Physicswallah_Lakshya_Batch		âš‰ Premium Books and Coaching Material	â”‚	â•° @unacademyplusdiscounts_link		#Free #Education,telegram lecture notes pdf,Physicswallah Lakshya Batch Lecture Notes and DPPs â€“ Telegram,1. Quadratic Equations 2. Complex Numbers 3. Binomial Theorem 4. Straight Lines 5. Circle 6. Matrices & Determinants 7. Vector Algebra & 3D 8. Functions 9.Â ...,1,channel_or_user,2026-01-11T09:51:43+00:00
cbse_10_class,https://t.me/cbse_10_class,CLASS 10 CBSE,CLASS 10 CBSE (10th) All Study Materials Here â—†Syllabus 	â—†NCERT Books  & Solutions	â—†Previous Year Papers 	â—†Model Papers â—†Revision Notes 	â—†Results		Instagram https://www.instagram.com/self_studys/,telegram lecture notes pdf,View @cbse_10_class - Telegram,CLASS 10 CBSE (10th) All Study Materials Here â—‡Syllabus â—‡NCERT Books & Solutions â—‡Previous Year Papers â—‡Model Papers â—‡Revision Notes â—‡Results,1,channel_or_user,2026-01-11T09:51:43+00:00
pwncertwallah,https://t.me/pwncertwallah,NCERT WALLAH,You can view and join @pwncertwallah right away.,telegram lecture notes pdf,NCERT WALLAH â€“ Telegram,Vipin Sir Live Aarhe hai NEET Wallah Telegram Channel par.. NEET 2025 ... Chemistry Haloalkanes and Haloarenes Class notes pdf âœï¸âœï¸âœï¸ Ache seÂ ...,0,channel_or_user,2026-01-11T09:51:43+00:00
RFBTnotes,https://t.me/RFBTnotes,REO RFBT NOTES,MAS channel https://t.me/mngtnotes,telegram lecture notes pdf,REO RFBT NOTES â€“ Telegram,"REO RFBT NOTES Â· LAW ON CONTRACTS NOTES.pdf. 217.5 KB Â· SALES.pdf. 496.4 KB. â¤170â¤â€ 13 10 7. 62.8K views 02:30. February 16, 2023. REO RFBT NOTES Â· 4 ANTI-Â ...",1,channel_or_user,2026-01-11T09:51:43+00:00
usmle_facts,https://t.me/usmle_facts,USMLE FACTS (step1) channel,"Necessary facts from USMLE steps, clinical cases	ID: ğŸ“š @usmle_facts",telegram exam notes,USMLE FACTS (step1) channel â€“ Telegram,"I found the study group very helpful in getting me motivated to study for this exam. ... t.me/usmle_facts note, share, subscribe. Telegram. USMLE FACTS (step1)Â ...",0,channel_or_user,2026-01-11T09:51:43+00:00
cmahandwrittennotesfinal,https://t.me/cmahandwrittennotesfinal,CMA final handwritten notesğŸ™‡â€â™‚,WhatsApp groups :-	https://chat.whatsapp.com/LUmPnIhY92l06vLCJQtL3H	https://chat.whatsapp.com/DWsWg2OYgrPFxSEby8PVbd			Instagram :- 	https://instagram.com/cmahandwrittennotes?utm_medium=copy_lin		Telegram group :-	https://t.me/cmafinalhandwrittennotes,telegram exam notes,CMA final handwritten notes â€ â€“ Telegram,"Now, if we convert to syllabus-2022, from when we can write exams as per syllbus-2022? A. From this June itself you can write as per syllabus 2022. If you haveÂ ...",1,channel_or_user,2026-01-11T09:51:43+00:00
Drabzi,https://t.me/Drabzi,Dr_abzi,MCCQE1/ NAC OSCE/ MCCQE2/TDM/OET		Canadian medical licensing exams prepration		Contact us: @Sarah_Dr_abzi,telegram exam notes,Dr_abzi â€“ Telegram,... study â€œNotesâ€!! And most of all his emotional support when I called him just before my exam!!! Really â€œThanksâ€ is not enough!! Can't wait to start the OSCEÂ ...,0,channel_or_user,2026-01-11T09:51:43+00:00
NewtonDesk,https://t.me/NewtonDesk,Newton DeskâœŒï¸,"Creative Learning	IIT JEE, NEET, GATE, ESE, UPSC exam Study Notes, Handwritten notes, PDF, Formula sheet for Aspirants or Students		**Join Our Sub Channels**	@PhysicsDesk	@ChemistryDesk	@MathsDesk	@BiologyDesk		**Official Username**	@NewtonDesk",telegram exam notes,Newton DeskâœŒï¸ â€“ Telegram,"IIT JEE, NEET, GATE, ESE, UPSC exam Study Notes, Handwritten notes, PDF, Formula sheet for Aspirants or Students **Join Our Sub Channels** @PhysicsDesk",3,channel_or_user,2026-01-11T09:51:43+00:00
Kanishak2018NotesAndStrategy,https://t.me/Kanishak2018NotesAndStrategy,Kanishak: Strategy and Notes for UPSC,"I'll try to share my experiences, strategy and relevant notes through this channel in the short term.",telegram exam notes,Kanishak: Strategy and Notes for UPSC â€“ Telegram,"It will contain my Vajiram classnotes and other Self study notes which I made mainly during Mains preparation. Self notes were referenced from classnotes,Â ...",1,channel_or_user,2026-01-11T09:51:43+00:00
rfbtnotes,https://t.me/rfbtnotes,REO RFBT NOTES,MAS channel https://t.me/mngtnotes,telegram exam notes,REO RFBT NOTES â€“ Telegram,"But what I can assure you is that may maiisagot ka! As long as nagbabasa ka, kusa yang lalabas pag sa Actual board exam na. Don't focus on the dates, focus onÂ ...",1,channel_or_user,2026-01-11T09:51:43+00:00
nehal_baid,https://t.me/nehal_baid,NEHAL BAID,Group : For Video Updates	Admin : Nehal Baid		YouTube :	https://youtube.com/c/nehalbaid		Telegram :	https://t.me/ciscegroup		Telegram 2 :	https://t.me/class10icse		Telegram 3 :	https://t.me/nehal_baid		Instagram :	https://www.instagram.com/nehalbaid/,telegram exam notes,NEHAL BAID â€“ Telegram,â€ Exam Study Vlog | A day In the life of NEET/JEE Aspirant 2023 ... #5 my ICSE CLASS 10 PHYSICS NOTES | Topper Notes | Nehal Baid âœ¨. in thisÂ ...,0,channel_or_user,2026-01-11T09:51:43+00:00
MHT_CET_EXAM_NOTES,https://t.me/MHT_CET_EXAM_NOTES,MHT CET EXAM NOTES,â˜ï¸Contact | Advertising â­ @ShubhamS90		â­ Study Material (All type Study Material) 	â­ @MHT_CET_MHTCET_NOTES_BOT		- Official Website - http://Mahacet.org			This channel is made by students for giving free notes & updates,telegram exam notes,MHT CET EXAM NOTES â€“ Telegram,Platform Â· Chemistry 2024 Question MHT-CET Â· 1. Elements Of Group 1 and 2 â­ Â· 2. States of Matter â­ Â· 3. Adsorption And Colloids â­ Â· 4. Basic Principles OfÂ ...,1,channel_or_user,2026-01-11T09:51:43+00:00
examzy,https://t.me/examzy,Exá´€á´á´¢Ê (Sá´›á´œá´…Ê GÊ€á´á´œá´˜),"ğŸ¯ Govt Job Prep: HSSC, SSC, Teaching exam	ğŸ“š Daily Practice | PDF Notes | GK & CA	ğŸ‘‘ Best Platform For All Govt Exams â™§  	ğŸ”” Join Nowâ€“ @examzy		Visit Now- www.examzy.in",telegram exam notes,View @examzy - Telegram,"Govt Job Prep: HSSC, SSC, Teaching exam Daily Practice | PDF Notes | GK & CA Best Platform For All Govt Exams â™§ Join Nowâ€“ @examzy. Visit NowÂ ...",3,channel_or_user,2026-01-11T09:51:43+00:00
shubhamkr_ias,https://t.me/shubhamkr_ias,Shubham Kumar: Strategy and Notes for UPSC(CSE),"This is Shubham Kumar, AIR 1 CSE 2020. This is my official telegram channel through which I would be sharing my notes and strategy.		My email: shubhamkrias@gmail.com",telegram exam notes,Shubham Kumar: Strategy and Notes for UPSC(CSE) â€“ Telegram,All the Best !! Regards P.S- don't think of postponement of Mains examination due to COVID. UPSC doesn't change the dates when the examÂ ...,1,channel_or_user,2026-01-11T09:51:43+00:00
Loksevapublicationpune,https://t.me/Loksevapublicationpune,Lokseva Academy & Publication Pune,#MPSC/ #UPSC Only Exam Oriented Study Material	#LoksevaAcademy #Lokseva		ğŸ“Œ APPA HATNURE G.S. RESEARCH - https://t.me/appahatnuresir		ğŸ“Œ Youtube channel - https://www.youtube.com/@LoksevaAcademyPune,telegram exam notes,View @Loksevapublicationpune - Telegram,#MPSC/ #UPSC Only Exam Oriented Study Material #LoksevaAcademy #Lokseva APPA HATNURE G.S. RESEARCH - https://t.me/appahatnuresir Youtube channelÂ ...,0,channel_or_user,2026-01-11T09:51:43+00:00
NEET_Full_Study_Material,https://t.me/NEET_Full_Study_Material,NEET Full Study Material,"NEET Full Study Material Here 	â—† NEE Syllabus 	â—†NEET Books 	â—†NEET Previous Year Question Papers 	â—†NEET Mock Test 	â—†NEET Revision Notes (Biology, Physics, Chemistry)	â—†NEET Results",telegram exam notes,View @NEET_Full_Study_Material - Telegram,"NEET Full Study Material Here â—‡ NEE Syllabus â—‡NEET Books â—‡NEET Previous Year Question Papers â—‡NEET Mock Test â—‡NEET Revision Notes (Biology, Physics, Chemistry)",1,channel_or_user,2026-01-11T09:51:43+00:00
physiology_mbbs_notes,https://t.me/physiology_mbbs_notes,Physiology notes & mcq's mbbs 1 St year,Do join our other channels for regular updates 	For anatomy:	https://t.me/anatomy_mbbs_notes	For biochemistry: https://t.me/biochemisty_mbbs_notes	For any queries contact	@Umer_mubashir,telegram exam notes,Physiology notes & mcq's mbbs 1 St year â€“ Telegram,"As some state's in INDIA will be conducting the exam's from mid JAN,we will be ready to crack it. âœŠThis group will help you in cracking University exams andÂ ...",1,channel_or_user,2026-01-11T09:51:43+00:00
caraviagarwalofficial,https://t.me/caraviagarwalofficial,CA RAVI AGARWAL NOTES,â™ ï¸Join the India's Best & Most Affordable Mentorship Program By CA Ravi AgarwalğŸ¯http://www.caraviagarwal.com/mentoring	Reviewsâš¡ğŸ”¥	https://www.caraviagarwal.com/testimonials	WhatsApp us	https://wa.me/918334866117,telegram exam notes,CA RAVI AGARWAL NOTES â€“ Telegram,Tears in her Parents eyes today. She saw similar type video in last Attempt & joined my Mentorship program. Today she has cracked her exams. I am really proudÂ ...,1,channel_or_user,2026-01-11T09:51:43+00:00
talentpsconline,https://t.me/talentpsconline,TALENT KERALA,"Official Telegram Channel of Talent Academy. A dedicated platform to help PSC Aspirants to crack exams easily. Join our community, to receive free notes, current affairs, Test series and lots more.",telegram exam notes,View @talentpsconline - Telegram,"Official Telegram Channel of Talent Academy. A dedicated platform to help PSC Aspirants to crack exams easily. Join our community, to receive free notes,Â ...",1,channel_or_user,2026-01-11T09:51:43+00:00
supernotesbyAK,https://t.me/supernotesbyAK,Super Notes,"Join our community of motivated learners and gain the edge you need to excel in competitive exams. Our channel provides in-depth explanations, practice questions, and exam analysis moreover high quality study materials. 	Contact us on : 8281223366",telegram exam notes,View @supernotesbyAK - Telegram,"Our channel provides in-depth explanations, practice questions, and exam analysis moreover high quality study materials. ... Super Notes right away.",1,channel_or_user,2026-01-11T09:51:43+00:00
AgriAddictin,https://t.me/AgriAddictin,AgriAddict,"( ICAR PG/PhD/STO/SMS, ARS, MPSC, IBPS AFO, MCAER,, NABARD, FCI, RRB SO etc)		ğŸ“Œ Regular Update about Agricultural Exams	ğŸ“ŒRegular Quiz Poll	ğŸ“ŒImportant PDF/Documents 	ğŸ“ŒAgril Current Affairs",telegram exam notes,AgriAddict â€“ Telegram,Platform Â· Happy World Soil Day! Â· How to secure top rank in ICAR JRF Soil science exam Â· Test your ICAR PG & PhD Subject knowledge and skills with our ultimateÂ ...,2,channel_or_user,2026-01-11T09:51:43+00:00
atpmpscgardeA,https://t.me/atpmpscgardeA,"EduFest Academy, Pune (Assistant Town Planning ATP)",ğŸ›ï¸ Join us to access expert guidance and top-notch courses for various state PSC ATP (Assistant Town Planner) exams for:		1. MPSC (Maharashtra)	2. RPSC (Rajasthan)	3. PPSC (Panjab)	4. TNPSC (Tamil Nadu)	5. HPSC (Haryana)		Contact: 7709585248,telegram exam notes,"EduFest Academy, Pune (Assistant Town Planning ATP) â€“ Telegram","Oct 5, 2025 ... Get printed notes based on the latest GPSC syllabus â€“ topic-wise, exam-oriented, and expert-prepared. âœ“ Covers Town Planning Topics as per theÂ ...",1,channel_or_user,2026-01-11T09:51:43+00:00
accastudents,https://t.me/accastudents,ACCA Study Material,Notes,telegram exam notes,View @accastudents - Telegram,"ACCA Study Material. 41 153 subscribers. Notes. View Post Â· View context. If you have Telegram, you can view post and join ACCA Study Material right away.",1,message,2026-01-11T09:51:43+00:00
beautywithbrainMsc,https://t.me/beautywithbrainMsc,Bwb Chemistry notes,Welcome to this channel here you will get notes of MSc chemistry,telegram exam notes,Bwb Chemistry notes â€“ Telegram,Ye sbhi physical chemistry k free main notes hai jo Mene phle hi share kiye hue h apko sirf checkout krne hote h. Plz support this channel subscribe andÂ ...,1,channel_or_user,2026-01-11T09:51:43+00:00
CANOTESCOMMUNITY,https://t.me/CANOTESCOMMUNITY,CA NOTES COMMUNITY,ğŸ†CNC - CA NOTES COMMUNITY 	ğŸ“¢ğ—¢ğ—¡ğ—˜ ğ—¦ğ—§ğ—¢ğ—£ ğ—¦ğ—¢ğ—Ÿğ—¨ğ—§ğ—œğ—¢ğ—¡ ğ—§ğ—¢ ğ—–ğ—” ğ—¦ğ—§ğ—¨ğ——ğ—˜ğ—¡ğ—§ğ—¦	ğŸ“–ğ—¡ğ—¢ğ—§ğ—˜ğ—¦	âœ´ï¸ğ—¨ğ—£ğ——ğ—”ğ—§ğ—˜ğ—¦	ğŸ“ğ—§ğ—˜ğ—¦ğ—§ğ—¦ 	ğŸ¤—ğ— ğ—¢ğ—§ğ—œğ—©ğ—”ğ—§ğ—œğ—¢ğ—¡	ğŸ’¡ğ—¤ğ—¨ğ—œğ—­ğ—­ğ—˜ğ—¦	ğŸ’¯Students Voice ğŸ”¥	ğŸ’For Copyright/promotion Msg â›	@CNC_SUPPORT,telegram exam notes,CA NOTES COMMUNITY â€“ Telegram,Full 3 days and 1.5 days exam day strategy by CA FINAL AUDIT Master Faculty CA PRAGNESH KANABAR SIR. Free revision videos by CA Pragnesh Kanabar for CA FINALÂ ...,1,channel_or_user,2026-01-11T09:51:43+00:00
Chillmedicos14,https://t.me/Chillmedicos14,Chill Medicos Official || University Exam Notes ğŸ’¥âœ¨,You can view and join @Chillmedicos14 right away.,telegram exam notes,View @Chillmedicos14 - Telegram,"Chill Medicos Official || University Exam Notes âœ¨. 90 355 subscribers. View in Telegram Â· Preview channel. If you have Telegram, you can view and join",1,channel_or_user,2026-01-11T09:51:43+00:00
KSLULAWNOTES,https://t.me/KSLULAWNOTES,KSLU Notes,This group is only for notes		t.me//kslulawnotes	@kslulawnotes	@kslustudents,telegram university notes,View @KSLULAWNOTES - Telegram,"This group is only for notes t.me//kslulawnotes @kslulawnotes Â· @kslustudents Â· View in Telegram. If you have Telegram, you can view and join. KSLU Notes rightÂ ...",1,channel_or_user,2026-01-11T09:51:43+00:00
TheTwinBros,https://t.me/TheTwinBros,The Twin Bros - Humanities,"Ab Sab Banenge Topper! ğŸ¤©â¤	Humanities Ka Ghar! ğŸ¡ğŸ”¥		Study Material, Quotes, Motivation, Chit-Chat, Life Lessons and Moreâ€¦.		â€œCreating a Positive, Supportive Community: Where Learning Goes Beyond the Classroom!â€",telegram university notes,The Twin Bros - Humanities â€“ Telegram,Class 11th and 12th All Major Subjects Notes will be uploaded soon. Bann rahe hai â¤ï¸ thoda sa wait. 28â¤9. 3.99KÂ ...,0,channel_or_user,2026-01-11T09:51:43+00:00
seslikitaparsivi,https://t.me/seslikitaparsivi,Sesli Kitap ArÅŸivi,"www.seslikitaparsivi.com		Reklam, iletiÅŸim,  gÃ¶rÃ¼ÅŸ ve dÃ¼ÅŸÃ¼nce iÃ§in		Instagram: @seslikitaparsivicom | Twitter: @seslikitaparsiv		TÃ¼rkiye'nin Ãœcretsiz En BÃ¼yÃ¼k Sesli Kitap ArÅŸivi",telegram kitap arsiv,View @seslikitaparsivi - Telegram,"TÃ¼rkiye'nin Ãœcretsiz En BÃ¼yÃ¼k Sesli Kitap ArÅŸivi. View in Telegram Â· Preview channel. If you have Telegram, you can view and join. Sesli Kitap ArÅŸivi right awayÂ ...",6,channel_or_user,2026-01-11T09:51:43+00:00
teleekutuphane,https://t.me/teleekutuphane,"Tele-kÃ¼tÃ¼phane (e kitap arÅŸivi, pdf, epub, mobi kitaplar, yks, ayt, tyt, ales, kpss, yds, ydt, yÃ¶kdil, dgs, msÃ¼, Ã§Ä±kmÄ±ÅŸ sorular)",You can view and join @teleekutuphane right away.,telegram kitap arsiv,"Tele-kÃ¼tÃ¼phane (e kitap arÅŸivi, pdf, epub, mobi kitaplar, yks, ayt, tyt ...","Download Telegram Â· About Â· Blog Â· Apps Â· Platform Â· Join Â· Tele-kÃ¼tÃ¼phane (e kitap arÅŸivi, pdf, epub, mobi kitaplar, yks, ayt, tyt, ales, kpss, yds, ydt,Â ...",16,channel_or_user,2026-01-11T09:51:43+00:00
tip_kitaplari,https://t.me/tip_kitaplari,TÄ±p FakÃ¼ltesi TUS Kitap PDF,"TIP FAKÃœLTESÄ°, TUS, DUS KÄ°TAPLARI",telegram kitap arsiv,View @tip_kitaplari - Telegram,"TÄ±p FakÃ¼ltesi TUS Kitap PDF. 11 759 subscribers. TIP FAKÃœLTESÄ°, TUS, DUS KÄ°TAPLARI. View in Telegram Â· Preview channel. If you have Telegram,Â ...",4,channel_or_user,2026-01-11T09:51:43+00:00
KekikAkademi,https://t.me/KekikAkademi,Kekik | Akademi,"â€œBelieve me, the world won't give you any gifts. If you want to have a life, steal it.â€ ~ Andreas Salome		DÃ¼nya Sana Hediye Sunmaz, Ä°nan Bana. Bir YaÅŸam Ä°stiyorsan, Ã‡al Onu!		KekikAkademi.org/Kahve		@KekikAkademi | @KekikKahve	@KekikKitapRobot",telegram kitap arsiv,Kekik | Akademi â€“ Telegram,... Kitap ArÅŸiv KanalÄ± KatÄ±lamayan ArkadaÅŸlar Ã‡erezlerini Temizleyip Tekrar Denesin LÃ¼tfen... @KekikKitap Â» dÄ±zz 'a Devam.. +30K Kitap Sizlerle.. 5.41K viewsÂ ...,1,channel_or_user,2026-01-11T09:51:43+00:00
kernelblog,https://t.me/kernelblog,KernelBlog,GenÃ§ beyinler inovatif projeler dÃ¼ÅŸÃ¼ncesiyle yola Ã§Ä±kmÄ±ÅŸ bir grup gencin aÃ§tÄ±ÄŸÄ± ve Ã§ok yÃ¶nlÃ¼ bir proje.		KernelBlog.org	x.com/kernel_blog	instagram.com/kernelblog		----------------------	t.me/kernel_blog	t.me/kernelblog,telegram kitap arsiv,KernelBlog â€“ Telegram,"Jun 20, 2019 ... ... Kitap.rar. KarÄ±ÅŸÄ±k ArÅŸiv 10 : Google drive karÄ±ÅŸÄ±k arÅŸiv. KarÄ±ÅŸÄ±k ArÅŸiv 11 : 7 gb e kitap arÅŸivi tÄ±kla. KarÄ±ÅŸÄ±k arÅŸiv 12 : https://userscloudÂ ...",0,channel_or_user,2026-01-11T09:51:43+00:00
TurkiyeBelediyelerBirligi,https://t.me/TurkiyeBelediyelerBirligi,TBB,"TÃ¼rkiye Belediyeler BirliÄŸi, ulusal ve uluslararasÄ± dÃ¼zeyde belediyeleri temsil etme yetkisine sahip ve bÃ¼tÃ¼n belediyelerin doÄŸal Ã¼yesi olduÄŸu tek mahalli idare birliÄŸidir. 		tbb.gov.tr",telegram kitap arsiv,TBB â€“ Telegram,"February 6, 2022. TBB. Rize Belediyesi Ã¶ÄŸrencileri kitap okumaya teÅŸvik ediyor. Kitap daÄŸÄ±tÄ±mÄ± programlarÄ±nÄ±n Ã¼Ã§Ã¼ncÃ¼sÃ¼ dÃ¼zenlendi. BaÅŸkan Rahmi MetinÂ ...",0,message,2026-01-11T09:51:43+00:00
kitap06,https://t.me/kitap06,Kitap ArÅŸivi,You can view and join @kitap06 right away.,telegram kitap arsiv,View @kitap06 - Telegram,"Kitap ArÅŸivi. 6 subscribers. View in Telegram Â· Preview channel. If you have Telegram, you can view and join. Kitap ArÅŸivi right away.",2,channel_or_user,2026-01-11T09:51:43+00:00
ydsyokdilyks,https://t.me/ydsyokdilyks,YDS YÃ–KDÄ°L YKS-DÄ°L,"YDS-YÃ–KDÄ°L-YKSDÄ°L Kelime PaylaÅŸÄ±mlarÄ±	-Soru Ã‡Ã¶zÃ¼mleri	-Ã‡Ä±kmÄ±ÅŸ Sorular	-Ä°puÃ§larÄ±	-Ã‡eviri TR-ENG, ENG-TR",telegram kitap arsiv,YDS YÃ–KDÄ°L YKS-DÄ°L â€“ Telegram,"OKUMA MOLASI â° A BBC News investigation published on December 29, 2025, has uncovered a significant rise in ""ghost listings"" on major rental platforms,Â ...",2,channel_or_user,2026-01-11T09:51:43+00:00
ykspdfsohbet,https://t.me/ykspdfsohbet,YKS PDF/DENEME 2026,"Dijital kitap arÅŸiviâš¡ï¸âš¡ï¸	Yedek Pdf KanalÄ±:https://t.me/ykspdfistekleri		âš¡ï¸Reklam ve Ä°ÅŸ BirliÄŸi iÃ§in: @fqtih93 @Yagizakk		ğŸ“ŒSÄ±nav hakkÄ±nda tavsiye almak , yapamadÄ±ÄŸÄ±nÄ±z sorularÄ±n Ã§Ã¶zÃ¼mÃ¼ ve bulamadÄ±ÄŸÄ±nÄ±z pdfleri istemek iÃ§in diÄŸer grubumuza gelebilirsiniz.",telegram kitap arsiv,View @ykspdfsohbet - Telegram,"Dijital kitap arÅŸiviâš¡ï¸âš¡ï¸ Yedek Pdf KanalÄ±:https://t.me/ykspdfistekleri ... If you have Telegram, you can view and join. YKS PDF/DENEME 2026 right away.",6,channel_or_user,2026-01-11T09:51:43+00:00
kpssdersgruplari,https://t.me/kpssdersgruplari,Kpss Ã‡alÄ±ÅŸma GruplarÄ±,Ä°letiÅŸim iÃ§in 	@platformkonseybot,telegram kitap arsiv,Kpss Ã‡alÄ±ÅŸma GruplarÄ± â€“ Telegram,âœˆï¸ Tamamen tecrÃ¼beli Ã–ÄŸretmenler eÅŸliÄŸinde sadece gerekli bilgilerin verildiÄŸi ve gereksiz bilgilerin olmadÄ±ÄŸÄ± kanallarÄ±mÄ±z yakÄ±nda yayÄ±nda. â• ÅimdidenÂ ...,2,channel_or_user,2026-01-11T09:51:43+00:00
kurdishbooks2,https://t.me/kurdishbooks2,Pirtukxane,KÃ¼rtlerle ilgili kitaplarÄ±n bulunduÄŸu arÅŸiv kanalÄ±.,telegram kitap arsiv,View @kurdishbooks2 - Telegram,"KÃ¼rtlerle ilgili kitaplarÄ±n bulunduÄŸu arÅŸiv kanalÄ±. View in Telegram Â· Preview channel. If you have Telegram, you can view and join. Pirtukxane right away.",1,channel_or_user,2026-01-11T09:51:43+00:00
birkitap1,https://t.me/birkitap1,1kitap1.com - PDF Kitap Ä°ndir ve Oku,PDF kitap indir ve Oku : https://1kitap1.com Web sitesinde paylaÅŸÄ±lan pdf kitaplarÄ± kitap kodu yazar adÄ± ÅŸeklinde telegram kanalÄ± Ã¼zerinden arama yaparak Ã¼cretsiz indirebilirsiniz.,telegram kitap arsiv,View @birkitap1 - Telegram,"2TB Boyutunda Ãœcretsiz PDF Kitap ArÅŸivi BÃ¼tÃ¼n kategorilerde milyonlarca pdf kitaplar. Kanal iÃ§erisinde bulunan arama simgesine tÄ±klayarak yazar adÄ± ,kitapÂ ...",4,channel_or_user,2026-01-11T09:51:43+00:00
tele_kutuphane,https://t.me/tele_kutuphane,"Tele-kÃ¼tÃ¼phane (Pdf, epub, mobi, e kitap arÅŸivi, e kitaplar, okuma kitaplarÄ±)",You can view and join @tele_kutuphane right away.,telegram kitap arsiv,"Tele-kÃ¼tÃ¼phane (Pdf, epub, mobi, e kitap arÅŸivi, e kitaplar, okuma ...","... kitap arÅŸivi, e kitaplar, okuma kitaplarÄ±). @tele_kutuphane. 3.19K subscribers. Download Telegram Â· About Â· Blog Â· Apps Â· Platform Â· Join Â· Tele-kÃ¼tÃ¼phane (Pdf,Â ...",10,channel_or_user,2026-01-11T09:51:43+00:00
yksnotlari,https://t.me/yksnotlari,yks notlarÄ± ğŸ“š,TÃœM KANALLARA HEMEN KATIL ğŸ‘‰ğŸ» @kanallararsivi,telegram kitap arsiv,yks notlarÄ± â€“ Telegram,YOUTUBE KANAL Ã–NERÄ°LERÄ°. TÃœRKÃ‡E-EDEBÄ°YAT: â€¢AKER HOCAâ¤ï¸ â€¢KADÄ°R GÃœMÃœÅâ¤ï¸ â€¢TÃœRKÃ‡ENÄ°N MATEMATÄ°ÄÄ° â€¢RÃœÅTÃœ HOCA Ä°LE TÃœRKÃ‡E â¤ï¸ â€¢Ã–NDER VE ETHEM HOCA MATEMATÄ°K:,6,channel_or_user,2026-01-11T09:51:43+00:00
Turkiyeninmaarifmodeliegitim2025,https://t.me/Turkiyeninmaarifmodeliegitim2025,"TÃœRKÄ°YE""NÄ°N YÃœZYILI MAARÄ°F MODELÄ° EÄÄ°TÄ°M - 2025","TÃœRKÄ°YE""NÄ°N YÃœZYILI MAARÄ°F MODELÄ° EÄÄ°TÄ°M - 2025	TÃ¼m SÄ±nÄ±f ve BranÅŸlar	AylÄ±k raporlar	Formlar	Ã‡alÄ±ÅŸma planlarÄ± 	Proje formlarÄ± 	Ders planlarÄ± 	https://t.me/Turkiyeninmaarifmodeliegitim2025",telegram pdf arsiv,"TÃœRKÄ°YE""NÄ°N YÃœZYILI MAARÄ°F MODELÄ° EÄÄ°TÄ°M - 2025 â€“ Telegram",Telegram. TORNADO PDF 2025. LGS 2025. TYT AYT 2025. AGS Ã–ABT DGS MSÃœ EN GÃœNCEL DENEMELER KONU ANLATIM DERS NOTU PDF ARÅÄ°VÄ° DEV. SORU BANKALARI GÃœNCEL KÄ°TAPLAR,1,channel_or_user,2026-01-11T09:51:43+00:00
pdfkutuphnsi,https://t.me/pdfkutuphnsi,Pdf KÃ¼tÃ¼phanesi,You can view and join @pdfkutuphnsi right away.,telegram pdf arsiv,Pdf KÃ¼tÃ¼phanesi â€“ Telegram,Kpss 2020 Dev ArÅŸiv Â· Kurum sÄ±navlarÄ± Â· Ã–sym sÄ±navlarÄ± Â· Genel Yetenek Â· Hukuk Â· Karma arÅŸiv Â· Kamu YÃ¶netimi Â· Muhasebe,3,channel_or_user,2026-01-11T09:51:43+00:00
siberyazilimciarsiv,https://t.me/siberyazilimciarsiv,Siberyazilimci ArÅŸiv,"ğŸŒSiberyazilimciarsiv kanalÄ±nÄ±n resmi telegram kanalÄ±dÄ±r. Kanalda; Ã¼cretsiz uygulamalar, iÃ§erikler ve kampanyalardan hemen haberdar olabilirsiniz.		Sohbet grubumuz https://t.me/siberyazilimcichat		Web sitemiz;	www.siberyazilimciarsiv.club",telegram pdf arsiv,Siberyazilimci ArÅŸiv â€“ Telegram,"October 11, 2025. Siberyazilimci ArÅŸiv Â· WPS+Office-Premium-v18.21.1_build_1546-Mod.apk. 179.5 MB. â˜° WPS Office-PDF,Word,Sheet,PPT v18.21 [Premium] [Mod Extra]",2,channel_or_user,2026-01-11T09:51:43+00:00
MultiLevelRecord,https://t.me/MultiLevelRecord,Multi-Level Record (C2 Level Teacher),â€¢  MultiLevel 74 va IELTS 8.5 olgan teacherdan video-darslar 	â€¢Â  Eng aktiv Ingliz tili kanali	â€¢Â  Faqat original kontent. 		To contact: @AbrorRahmatullaev	Reklama: @MultiLevelRecordAds,telegram pdf arsiv,Multi-Level Record (C2 Level Teacher) â€“ Telegram,3 days ago ... Multi-Level Reading Part 3 - @MultiLevelRecord.pdf. 908.5 KB Â· Multi-Level Reading Part 3 Answers - @MultiLevelRecord.pdf. 535.6 KB. ReadingÂ ...,0,channel_or_user,2026-01-11T09:51:43+00:00
itsallinenglish,https://t.me/itsallinenglish,Everything English / IELTS / Newspapers / Magazines/ Economist,ğŸ—newspapers	ğŸ“•magazines	ğŸ“šbooks	ğŸ§audiobooks	ğŸ“ºmovies ğŸTV shows		All questions to: @kinkykappi	 	ĞšÑƒĞ¿Ğ¸Ñ‚ÑŒ Ñ€ĞµĞºĞ»Ğ°Ğ¼Ñƒ Ñ‡ĞµÑ€ĞµĞ· Ğ±Ğ¸Ñ€Ğ¶Ñƒ: https://telega.in/c/itsallinenglish,telegram pdf arsiv,Everything English / IELTS / Newspapers / Magazines/ Economist ...,Download Telegram Â· About Â· Blog Â· Apps Â· Platform Â· Join Â· Everything English ... ImagineFX_Presents_-_Book_of_Japan__4th_Edition_2024.pdf. 132.1 MB. â¤19 7.,0,channel_or_user,2026-01-11T09:51:43+00:00
thewinners108,https://t.me/thewinners108,THE WINNERS OFFICIALğŸ†,à¤¨à¥Œà¤•à¤°à¥€ à¤†à¤ªà¤•à¥€ à¤œà¤¼à¤¿à¤¦ à¤¹à¤®à¤¾à¤°à¥€	â© Whats app Channel LINK âœ…	https://bit.ly/3t9twKX  	â© QUIZ LINK - ğŸ‘‡	@thewinners108	â© For any Enquiry 	Call 8506003399,telegram pdf arsiv,THE WINNERS OFFICIAL â€“ Telegram,5_6267174647205204384.pdf. 233.4 KB. UP POLICE CONSTABLE NOTICE LIST FOR DOCUMENTS REQUIRED FOR DV/PST JOIN - @thewinners108. â¤22 6 5 3. 25.4K viewseditedÂ ...,0,message,2026-01-11T09:51:43+00:00
sehdetmektebi,https://t.me/sehdetmektebi,Åehadet Mektebi,"Bu kanalÄ±mÄ±zda; kÄ±sa kesitler, afiÅŸler, duyurular baÅŸta olmak Ã¼zere faydalÄ± olacaÄŸÄ±nÄ± umduÄŸumuz Ã§eÅŸitli paylaÅŸÄ±mlar yapÄ±lmaktadÄ±r.		Åehadet Mektebi Kanal Linki: t.me/sehdetmektebi		ArÅŸiv KanalÄ± Linki: t.me/sehadetmektebiarsivi		Whatsapp: +90 535 445 62 42",telegram pdf arsiv,Åehadet Mektebi â€“ Telegram,Telegram. Åehadet Mektebi ArÅŸiv KanalÄ± (Mp3- Mp4- Pdf). 2- Ä°slamÄ± Sorguluyorum 2 - Hangi Lider? - Murat Gezenler Åehadet Mektebi (YayÄ±nlanma Tarihi: 09.08Â ...,2,channel_or_user,2026-01-11T09:51:43+00:00
tiyatrooyunmetinleriarsivi,https://t.me/tiyatrooyunmetinleriarsivi,Tiyatro Oyun Metinleri ArÅŸivi PaylaÅŸÄ±m AlanÄ±,Telegram  grubumuz Ã¼zerinden Metin isteÄŸinde bulunabilir oyunlarÄ±nÄ±z hakkÄ±nda bilgi paylaÅŸÄ±mÄ± yapabilirsiniz. Eser sahiplerinden izin almadan sahnelemeyiniz...		LÃ¼tfen kiÅŸisel Reklam paylaÅŸÄ±mÄ± yapmayÄ±nÄ±z. Aksi halde engellenirsiniz..,telegram pdf arsiv,View @tiyatrooyunmetinleriarsivi - Telegram,Telegram grubumuz Ã¼zerinden Metin isteÄŸinde bulunabilir oyunlarÄ±nÄ±z hakkÄ±nda bilgi paylaÅŸÄ±mÄ± ... Tiyatro Oyun Metinleri ArÅŸivi PaylaÅŸÄ±m AlanÄ± right away.,2,channel_or_user,2026-01-11T09:51:43+00:00
TradersVideo_Library,https://t.me/TradersVideo_Library,Trader's Video Library,"All Forex/Crypto/Stock Market Related Webinars & Courses Available For Free	 	Any COPYRIGHTS infringement of any Content, inform us to @ShareExchange_Bot , we will remove it.		Share Course : @ShareExchange_Bot",telegram pdf arsiv,View @TradersVideo_Library - Telegram,"All Forex/Crypto/Stock Market Related Webinars & Courses Available For Free Any COPYRIGHTS infringement of any Content, inform us to @ShareExchange_BotÂ ...",1,channel_or_user,2026-01-11T09:51:43+00:00
mulakatsorucevap,https://t.me/mulakatsorucevap,Ã–ÄRETMEN BÄ°LGÄ° / HABER,EÄÄ°TÄ°M Ä°LE Ä°LGÄ°LÄ° SON BÄ°LGÄ°LER.		LÄ°NK: https://t.me/+8B94qJsM-zA2ZTc8		DiÄŸer Ã¶nemli linklerimizğŸ‘‡	@linklerimiz,telegram pdf arsiv,Ã–ÄRETMEN BÄ°LGÄ° / HABER â€“ Telegram,GÃ¼venlik SoruÅŸturmasÄ± ve ArÅŸiv AraÅŸtÄ±rmasÄ± HakkÄ±nda. Aileye ve akrabaya ... Telegram. FEN Ã–ÄRETMENLERÄ° l Pdf-Soru-Deney. Fen Bilimleri Ã–ÄŸretmenlerininÂ ...,0,channel_or_user,2026-01-11T09:51:43+00:00
