handle,url,title,description,google_query,google_title,google_snippet,score,url_type,discovered_at,,,,,,,,,,,,
ykskitappdf,https://t.me/ykskitappdf,YKS KÄ°TAP PDF,"Bu zorlu pandemi sÃ¼recinde ve sÄ±nav senenizde sizlere en gÃ¼ncel ve en verimli kaynaklarÄ± ulaÅŸtÄ±rmayÄ± hedefliyoruz. 		Herhangi bir Ã¶neri, istek veya benzeri durumlarda lÃ¼tfen bize form Ã¼zerinden ulaÅŸÄ±nÄ±z.(Form linki: https://forms.gle/C3ASEkGejPJJeXp2A )",telegram tÃ¼rkÃ§e kitap pdf,YKS KÄ°TAP PDF â€“ Telegram,YarÄ±n saat 12'de Doping HafÄ±za Matematik arÅŸivini sizlerle paylaÅŸacaÄŸÄ±z. Doping HafÄ±za TÃ¼rkÃ§e arÅŸivini kaÃ§Ä±ran arkadaÅŸlarÄ±mÄ±z endiÅŸelenmesin en kÄ±sa zamandaÂ ...,7,channel_or_user,2026-01-11T11:30:27+00:00,,,,,,,,,,,,
DenizHoca_TDE,https://t.me/DenizHoca_TDE,Deniz Hoca (TÃ¼rkÃ§e - Edebiyat Dersleri),ğŸ“•Youtube -> 430.000 Abone â¤ï¸,ğŸ“—TuÌˆrk Dili ve EdebiyatÄ± Ã–ÄŸretmeni,,ğŸ”—TÃ¼m LinklerğŸ‘‡,,https://linktr.ee/DenizHoca,telegram tÃ¼rkÃ§e kitap pdf,Deniz Hoca (TÃ¼rkÃ§e - Edebiyat Dersleri) â€“ Telegram,PARAGRAF SORU BANKASI Sorular %100 Ã–SYM formatÄ±nda hazÄ±rlandÄ±. Sorular sÄ±rf kitap oluÅŸsun diye deÄŸil sÄ±nav provasÄ± yapabilmeniz iÃ§in binbir emekle yazÄ±ldÄ±.,5,channel_or_user,2026-01-11T11:30:27+00:00,,,,,,,
dKitap,https://t.me/dKitap,E Kitap PDF,Okuma kitaplarÄ± PDF|EPUB,Sesli Kitaplar: @sesli_kitap_arsivi,Dergi: @dergiarsivi,telegram tÃ¼rkÃ§e kitap pdf,View @dKitap - Telegram,"Sesli Kitaplar: @sesli_kitap_arsivi. Dergi: @dergiarsivi Â· View in Telegram Â· Preview channel. If you have Telegram, you can view and join. E Kitap PDF rightÂ ...",22,channel_or_user,2026-01-11T11:30:27+00:00,,,,,,,,,,
pdfebupkitap,https://t.me/pdfebupkitap,DERS&OKUMA KÄ°TAPLARI PDF-EBUP,"Klasik kitaplar, yabancÄ± kitaplar, yks2025 kitaplarÄ±,Wattpad kitaplarÄ± hepsi bu kanalda 	ğŸ’•ğŸ«§HOÅGELDÄ°NÄ°Z ğŸ«§ğŸ’•	https://t.me/kitappdfebupp",telegram tÃ¼rkÃ§e kitap pdf,View @pdfebupkitap - Telegram,"https://t.me/kitappdfebupp. View in Telegram Â· Preview channel. If you have Telegram, you can view and join. DERS&OKUMA KÄ°TAPLARI PDF-EBUP right away.",16,channel_or_user,2026-01-11T11:30:27+00:00,,,,,,,,,,,,
vetfakpdf,https://t.me/vetfakpdf,VETERÄ°NER HEKÄ°M-TEKNÄ°KER VE TEKNÄ°SYENÄ° Ä°Ã‡Ä°N PDF VE NOT KANALIğŸ¾ğŸ„ğŸ©ºğŸ‘ğŸğŸ•ğŸ”,"Veteriner HekimliÄŸi ve TeknikerliÄŸe dair PDF ve notlar ...	       ""Denilebilir ki; insan hekimliÄŸi, veteriner hekimliÄŸi yanÄ±nda okyanusa karÅŸÄ± iÃ§ deniz gibidir. BeÅŸeri Hekimlik insan iÃ§indir oysa Veteriner Hekimlik insanlÄ±k iÃ§indir.""	Ä°smet Ä°nÃ¶nÃ¼ PaÅŸa",telegram tÃ¼rkÃ§e kitap pdf,View @vetfakpdf - Telegram,"Veteriner HekimliÄŸi ve TeknikerliÄŸe dair PDF ve notlar ... ""Denilebilir ki; insan hekimliÄŸi, veteriner hekimliÄŸi yanÄ±nda okyanusa karÅŸÄ± iÃ§ deniz gibidir.",3,channel_or_user,2026-01-11T11:30:27+00:00,,,,,,,,,,,,
boyovut_matematiklar,https://t.me/boyovut_matematiklar,Boyovut mat+akt,"HayotningÂ  ikkita bezagi bor : Â  matematika bilan shugâ€™ullanish va oâ€™qitish	Kanalga aâ€™zo boâ€˜lish @boyovut_matematiklar	Reklama uchun @bjalilova	Tashkilotchi: Jalilova(Turgunova) Barno Rahmatovna	Savollar, takliflar uchun https://t.me/boymatem guruhi",telegram tÃ¼rkÃ§e kitap pdf,Boyovut mat+akt â€“ Telegram,EÄ°S Geometri 1.Kitap 2.BÃ¶lÃ¼m. 7.7 MB Â· BES-TYT-AYT GEOMETRÄ° (DUT)_ ... Cozum3D.TYT.Turkce.SB.pdf. 10.3 MB Â· TYT MATEMATÄ°K-B FÃ–Y12_algebra+J.pdf. 2.3 MB.,0,message,2026-01-11T11:30:27+00:00,,,,,,,,,,,,
yksnotlari,https://t.me/yksnotlari,yks notlarÄ± ğŸ“š,TÃœM KANALLARA HEMEN KATIL ğŸ‘‰ğŸ» @kanallararsivi,telegram tÃ¼rkÃ§e kitap pdf,yks notlarÄ± â€“ Telegram,TYT TÃ¼rkÃ§e Konu Takip Ã‡izelgesi.pdf. 411.2 KB. TYT TÃ¼rkÃ§e KonularÄ± ve Konu ... VIEW IN TELEGRAM. Seviyelere GÃ¶re TYT Biyoloji Soru BankasÄ± Ã–nerileri. 1.,12,channel_or_user,2026-01-11T11:30:27+00:00,,,,,,,,,,,,
milliegitimakademisimeb,https://t.me/milliegitimakademisimeb,MEB-AGS ( MÄ°LLÄ° EÄÄ°TÄ°M AKADEMÄ°SÄ°),(AGS) MEB KANALÄ° ,ğŸ‘‡ğŸ‘‡ğŸ‘‡,https://t.me/agssoru2025,telegram tÃ¼rkÃ§e kitap pdf,MEB-AGS ( MÄ°LLÄ° EÄÄ°TÄ°M AKADEMÄ°SÄ°) â€“ Telegram,1739 TÃ¼rk Milli EÄŸitimin Ä°lkeleri 52 Soru-Cevap.pdf. 355.2 KB. (AGS) MEB KANALÄ° https://t.me/agssoru2025 Â· 1739 TÃ¼rk Milli EÄŸitimin AmaÃ§larÄ± 17 soru-Cevap.,0,channel_or_user,2026-01-11T11:30:27+00:00,,,,,,,,,,
ilkokulevim,https://t.me/ilkokulevim,Ä°lkokulevim PaylaÅŸÄ±m KanalÄ±,Grubumuz bilgi ve dokÃ¼man paylaÅŸÄ±m grubudur. Ä°lkokul Ã–ÄŸretmenlerimiz ve Velilerimiz katÄ±labilir.,telegram tÃ¼rkÃ§e kitap pdf,Ä°lkokulevim PaylaÅŸÄ±m KanalÄ± â€“ Telegram,"Ä°lkokul Evim 3.SÄ±nÄ±f TÃ¼rkÃ§e DeÄŸerlendirme iÃ§eriÄŸini online Ã§Ã¶z veya pdf olarak Ã¼cretsiz indir. Ä°lkokul Ders Ä°Ã§erikleri, Deneme ve Tarama SÄ±navlarÄ±, Bilgi.",1,channel_or_user,2026-01-11T11:30:27+00:00,,,,,,,,,,,,
kitapotag,https://t.me/kitapotag,Kitap OtaÄŸ,"Kitap OtaÄŸ resmÃ® Telegram kanalÄ±dÄ±r. Sosyal medyada paylaÅŸamadÄ±ÄŸÄ±mÄ±z iÃ§erik ve haberleri, sitemizde yayÄ±mladÄ±ÄŸÄ±mÄ±z yazÄ±larÄ± buradan paylaÅŸÄ±yoruz.		Ä°g: instagram.com/kitapotag		Reklam ve iletiÅŸim iÃ§in: t.me/sahaneserseri",telegram tÃ¼rkÃ§e kitap pdf,Kitap OtaÄŸ â€“ Telegram,TÃ¼rk Tarih Kurumu KÃ¼tÃ¼phanesinde yer alan 29.483 adet nadir eser Ã§evrimiÃ§i ortama aktarÄ±larak halkÄ±n hizmetine sunuldu. Ãœcretsiz Pdf indirme imkanÄ± da mevcut.,5,channel_or_user,2026-01-11T11:30:27+00:00,,,,,,,,,,,,
ykspdf24,https://t.me/ykspdf24,YKS KÄ°TAP PDF 2026,ÃœCRETSÄ°Z YKS KÄ°TAP PDF KANALI,telegram tÃ¼rkÃ§e kitap pdf,YKS KÄ°TAP PDF 2026 â€“ Telegram,"YKS KÄ°TAP PDF 2026. BÄ°LGÄ° SARMAL TYT TÃœRKÃ‡E BRANÅ DENEMELERÄ° LÄ°NK: https://ay.live/MtLgB. â¤8 7. 46.3K views 11:29. July 21, 2024. YKS KÄ°TAP PDF 2026. BÄ°LGÄ°Â ...",5,channel_or_user,2026-01-11T11:30:27+00:00,,,,,,,,,,,,
arsiv_03,https://t.me/arsiv_03,Files,You can view and join @arsiv_03 right away.,telegram tÃ¼rkÃ§e kitap pdf,Files â€“ Telegram,2023 VÄ°P YAYINLARI AYT EDEBÄ°YAT EÄÄ°TÄ°M SETÄ° GOLD 1 KÄ°TAP.PDF File Size: 16.5 ... File Name: 4K YAYINLARI TYT TÃœRKÃ‡E SORU BANKASI 2023 (HD) File SizeÂ ...,5,channel_or_user,2026-01-11T11:30:27+00:00,,,,,,,,,,,,
tip_kitaplari,https://t.me/tip_kitaplari,TÄ±p FakÃ¼ltesi TUS Kitap PDF,"TIP FAKÃœLTESÄ°, TUS, DUS KÄ°TAPLARI",telegram tÃ¼rkÃ§e kitap pdf,View @tip_kitaplari - Telegram,"TÄ±p FakÃ¼ltesi TUS Kitap PDF. 11 759 subscribers. TIP FAKÃœLTESÄ°, TUS, DUS KÄ°TAPLARI. View in Telegram Â· Preview channel. If you have Telegram,Â ...",6,channel_or_user,2026-01-11T11:30:27+00:00,,,,,,,,,,,,
Turkiyeninmaarifmodeliegitim2025,https://t.me/Turkiyeninmaarifmodeliegitim2025,"TÃœRKÄ°YE""NÄ°N YÃœZYILI MAARÄ°F MODELÄ° EÄÄ°TÄ°M - 2025","TÃœRKÄ°YE""NÄ°N YÃœZYILI MAARÄ°F MODELÄ° EÄÄ°TÄ°M - 2025	TÃ¼m SÄ±nÄ±f ve BranÅŸlar	AylÄ±k raporlar	Formlar	Ã‡alÄ±ÅŸma planlarÄ± 	Proje formlarÄ± 	Ders planlarÄ± 	https://t.me/Turkiyeninmaarifmodeliegitim2025",telegram tÃ¼rkÃ§e kitap pdf,"TÃœRKÄ°YE""NÄ°N YÃœZYILI MAARÄ°F MODELÄ° EÄÄ°TÄ°M - 2025 â€“ Telegram",SorularÄ±n Ã§Ã¶zÃ¼mleri PDF sonundadÄ±r. SÄ±nav simÃ¼lasyonunu beÄŸendiyseniz. SÄ±navda Ã§Ä±kabilecek sorulardan oluÅŸan *tamamÄ± yeni sorulardan oluÅŸan yeni kitapÂ ...,2,channel_or_user,2026-01-11T11:30:27+00:00,,,,,,,,,,,,
doktorkitaplari,https://t.me/doktorkitaplari,TÄ±p Ã–ÄŸrencileri & TUS HazÄ±rlÄ±k,You can view and join @doktorkitaplari right away.,telegram tÃ¼rkÃ§e kitap pdf,View @doktorkitaplari - Telegram,"View in Telegram. If you have Telegram, you can view and join. TÄ±p Ã–ÄŸrencileri & TUS HazÄ±rlÄ±k right away.",8,channel_or_user,2026-01-11T11:30:27+00:00,,,,,,,,,,,,
smr_dilekci,https://t.me/smr_dilekci,SEMRA DÄ°LEKÃ‡Ä°-STEPERA,Not ve bilgi paylaÅŸÄ±mlarÄ±m buradan devam edecektir.,telegram tÃ¼rkÃ§e kitap pdf,SEMRA DÄ°LEKÃ‡Ä°-STEPERA â€“ Telegram,KPSS'NÄ°N HARÄ°TASI GENÄ°ÅLETÄ°LMÄ°Å GÃœNCEL BASKISI Ä°LE SATIÅTA https://www.kitapyurdu.com/kitap/kpssnin-haritasi/634440.html ... 12.SINIF TÃœRKÃ‡E MEB KAZANIM TESTÄ°.pdf.,1,channel_or_user,2026-01-11T11:30:27+00:00,,,,,,,,,,,,
besyuz,https://t.me/besyuz,5 YÃœZ PaylaÅŸÄ±m KanalÄ±,5 YÃœZ ekibinin paylaÅŸÄ±mlarÄ±na iliÅŸkindir,telegram tÃ¼rkÃ§e kitap pdf,5 YÃœZ PaylaÅŸÄ±m KanalÄ± â€“ Telegram,"... pdf. 2.7 MB. â¤32 ... Aker KARTAL ile TÃ¼rkÃ§e Soru KampÄ± | FarklÄ± Sorularla 2. Kamp. TÃ¼rkiye'nin en iyi eÄŸitimcileri, bireysel rehberlik desteÄŸi, Ã¼cretsiz kitapÂ ...",0,message,2026-01-11T11:30:27+00:00,,,,,,,,,,,,
kpssdersgruplari,https://t.me/kpssdersgruplari,Kpss Ã‡alÄ±ÅŸma GruplarÄ±,Ä°letiÅŸim iÃ§in ,@platformkonseybot,telegram tÃ¼rkÃ§e kitap pdf,Kpss Ã‡alÄ±ÅŸma GruplarÄ± â€“ Telegram,"TÃ¼m Dersler Ortak Kanal Soru KanalÄ± Ä°ÅŸ Ä°lanlarÄ± ve Duyuru KanalÄ± â• Ä°ngilizce KanalÄ±mÄ±z âœ–ï¸ Deneme KanalÄ± Â· Telegram. TÃ¼rkÃ§e - KPSS, MEB AGS, YKS.",4,channel_or_user,2026-01-11T11:30:27+00:00,,,,,,,,,,,
teleekutuphane,https://t.me/teleekutuphane,"Tele-kÃ¼tÃ¼phane (e kitap arÅŸivi, pdf, epub, mobi kitaplar, yks, ayt, tyt, ales, kpss, yds, ydt, yÃ¶kdil, dgs, msÃ¼, Ã§Ä±kmÄ±ÅŸ sorular)",You can view and join @teleekutuphane right away.,telegram tÃ¼rkÃ§e pdf kitap arÅŸivi,"Tele-kÃ¼tÃ¼phane (e kitap arÅŸivi, pdf, epub, mobi kitaplar, yks, ayt, tyt ...",Channel created , 17. 10.5K , 12 8. 9.38K , 20. 5 3. 22.1K , 13 8. 18.9KÂ ...,44,channel_or_user,2026-01-11T11:30:27+00:00,,,,,,,,
pdfkutuphnsi,https://t.me/pdfkutuphnsi,Pdf KÃ¼tÃ¼phanesi,You can view and join @pdfkutuphnsi right away.,telegram tÃ¼rkÃ§e pdf kitap arÅŸivi,Pdf KÃ¼tÃ¼phanesi â€“ Telegram,"Pdf KÃ¼tÃ¼phanesi. Kpss 2021 Kitap ArÅŸivi â¡ï¸ @pdfkutuphnsi kanal daveti â¡ï¸ https://lnkload.com/2vx0g. 5.62K viewsedited 02:23. November 11, 2021. Pdf KÃ¼tÃ¼phanesi.",7,channel_or_user,2026-01-11T11:30:27+00:00,,,,,,,,,,,,
islamikitapp,https://t.me/islamikitapp,Ä°slami E-KÃ¼tÃ¼phane / Dini Kitap PDF - EPUB,ğŸ“š Pdf & Epub E- Kitap ArÅŸivi,telegram tÃ¼rkÃ§e pdf kitap arÅŸivi,View @islamikitapp - Telegram,"Ä°slami E-KÃ¼tÃ¼phane / Dini Kitap PDF - EPUB. 3 111 members, 127 online. Pdf & Epub E- Kitap ArÅŸivi. View in Telegram. If you have Telegram, you can view andÂ ...",16,channel_or_user,2026-01-11T11:30:27+00:00,,,,,,,,,,,,
kernelblog,https://t.me/kernelblog,KernelBlog,GenÃ§ beyinler inovatif projeler dÃ¼ÅŸÃ¼ncesiyle yola Ã§Ä±kmÄ±ÅŸ bir grup gencin aÃ§tÄ±ÄŸÄ± ve Ã§ok yÃ¶nlÃ¼ bir proje.,,KernelBlog.org,x.com/kernel_blog,instagram.com/kernelblog,,----------------------,t.me/kernel_blog,t.me/kernelblog,telegram tÃ¼rkÃ§e pdf kitap arÅŸivi,KernelBlog â€“ Telegram,"Jun 20, 2019 ... KarÄ±ÅŸÄ±k ArÅŸiv 11 : 7 gb e kitap arÅŸivi tÄ±kla. KarÄ±ÅŸÄ±k arÅŸiv 12 ... https://yadi.sk/i/6WexDn9UthU7w â€“ Semboller Ve Ä°ÅŸaretler kitap pdf",0,channel_or_user,2026-01-11T11:30:27+00:00,,,,
yksyardimcin0,https://t.me/yksyardimcin0,YKS YardÄ±mcÄ±n - 2025 TYT AYT - PDF Kitap Ä°ndir,"Piyasada bulunan ve gÃ¼ncel mÃ¼fredata tabi olan kitaplarÄ±n pdf formatÄ±nÄ± sizlere sunuyoruz.		Sizlere Ã¼cretsiz, reklamsÄ±z, filigransÄ±z, doÄŸrudan PDF ulaÅŸtÄ±rÄ±yoruz. 		Bizi paylaÅŸÄ±n: @yksyardimcinyedek",telegram tÃ¼rkÃ§e pdf kitap arÅŸivi,View @yksyardimcin0 - Telegram,"... : @yksyardimcinyedek Â· View in Telegram Â· Preview channel. If you have Telegram, you can view and join. YKS YardÄ±mcÄ±n - 2025 TYT AYT - PDF Kitap Ä°ndir rightÂ ...",15,channel_or_user,2026-01-11T11:30:27+00:00,,,,,,,,,,,,
seslikitaparsivi,https://t.me/seslikitaparsivi,Sesli Kitap ArÅŸivi,"www.seslikitaparsivi.com		Reklam, iletiÅŸim,  gÃ¶rÃ¼ÅŸ ve dÃ¼ÅŸÃ¼nce iÃ§in		Instagram: @seslikitaparsivicom | Twitter: @seslikitaparsiv		TÃ¼rkiye'nin Ãœcretsiz En BÃ¼yÃ¼k Sesli Kitap ArÅŸivi",telegram tÃ¼rkÃ§e pdf kitap arÅŸivi,Sesli Kitap ArÅŸivi â€“ Telegram,"KÄ°TAP Ã–NERÄ°SÄ° Haldun Taner Ã–ykÃ¼ Ã–dÃ¼lleri Kitap Ã–nerileri Toplum bilincinden-bireysel dÃ¼nya Ã§atÄ±ÅŸmalara, dile hÃ¢kimiyetten duyarlÄ±lÄ±ÄŸa kadar birÃ§okÂ ...",21,channel_or_user,2026-01-11T11:30:27+00:00,,,,,,,,,,,,
medresedersleri,https://t.me/medresedersleri,Medrese Dersleri,"Medreselerde Okutulan Derslere dair gÃ¶rsel, sesli ve yazÄ±lÄ± Dersler paylaÅŸÄ±lmaktadÄ±r. 		Kanal Ders ArÅŸivi @medresedersleri_arsiv 		ğŸ“¬Ä°letiÅŸim: 	Telegram: @medresedersleri_bot	mail: irtibat99@gmail.com",telegram tÃ¼rkÃ§e pdf kitap arÅŸivi,Medrese Dersleri â€“ Telegram,âœï¸ ArapÃ§a pdf kitap arÅŸivi @islamickutub âœï¸ Kur'Ã¢n Tilavetleri @TilavetulKuran âœï¸Ezber amaÃ§lÄ± Ã¢yet hadis yayÄ±nÄ± @ayethadisezberi âœï¸GÃ¼nlÃ¼k Ã¢yetÂ ...,11,channel_or_user,2026-01-11T11:30:27+00:00,,,,,,,,,,,,
cikmis_sorular,https://t.me/cikmis_sorular,TÃ¼m Ã‡Ä±kmÄ±ÅŸ Sorular (ALES - YDS - YÃ–KDÄ°L - KPSS - YKS - TYT - AYT - YDT - DGS - MSÃœ --- PDF),"ALES, YDS, YOKDIL, KPSS, YKS, TYT, AYT, YDT, DGS, MSU		Ã‡Ä±kmÄ±ÅŸ Sorular",telegram tÃ¼rkÃ§e pdf kitap arÅŸivi,TÃ¼m Ã‡Ä±kmÄ±ÅŸ Sorular (ALES - YDS - YÃ–KDÄ°L - KPSS - YKS - TYT ...,... PDF). ã…¤. TÃ¼m Ã–SYM SÄ±navlarÄ±nda Ã‡Ä±kmÄ±ÅŸ Sorular https://telegra.ph/TÃœM ... Kitap kanallarÄ±nÄ±n hepsine tek seferde katÄ±lmak iÃ§in davet baÄŸlantÄ±sÄ±: httpsÂ ...,19,channel_or_user,2026-01-11T11:30:27+00:00,,,,,,,,,,,,
TurkiyeTelegram,https://t.me/TurkiyeTelegram,Telegram TÃ¼rkiye,telegramturkiye.com Telegram KanalÄ±dÄ±r. Yeni eklenen iÃ§eriklerden haberdar olmak iÃ§in abone olabilirsiniz. Telegram size ve gizliliÄŸinize Ã¶nem verir. Telegram TÃ¼rkiye,telegram tÃ¼rkÃ§e kitap arÅŸivi,Telegram TÃ¼rkiye â€“ Telegram,Sesli Kitap ArÅŸivi Telegram KanalÄ± https://telegramturkiye.com/sesli-kitap-arsivi-telegram-kanali/ Â· Telegram TÃ¼rkiye. Sesli Kitap ArÅŸivi Telegram KanalÄ±. 3.04KÂ ...,0,channel_or_user,2026-01-11T11:30:27+00:00,,,,,,,,,,,,
binbirkitap,https://t.me/binbirkitap,Kitap AlÄ±ntÄ±larÄ±,"Kitap alÄ±ntÄ±larÄ± bahane, ben iÃ§imi dÃ¶kÃ¼yorum.		Web sitemiz: https://kifidia.com		ğŸ’¬ Ä°letiÅŸim/Reklam: @ameleoit",telegram tÃ¼rkÃ§e kitap arÅŸivi,Kitap AlÄ±ntÄ±larÄ± â€“ Telegram,"VIEW IN TELEGRAM. ""Ã–lÃ¼m bize ne uzak bize ne yakÄ±n Ã¶lÃ¼m. Ã–lÃ¼msÃ¼zlÃ¼ÄŸÃ¼ ... PDF'ten Dergilere TÃ¼rkiye'nin En BÃ¼yÃ¼k Kitap ArÅŸivi Ã‡eÅŸitli Ã¼niversiteler veÂ ...",5,channel_or_user,2026-01-11T11:30:27+00:00,,,,,,,,,,,,
KekikAkademi,https://t.me/KekikAkademi,Kekik | Akademi,"â€œBelieve me, the world won't give you any gifts. If you want to have a life, steal it.â€ ~ Andreas Salome		DÃ¼nya Sana Hediye Sunmaz, Ä°nan Bana. Bir YaÅŸam Ä°stiyorsan, Ã‡al Onu!		KekikAkademi.org/Kahve		@KekikAkademi | @KekikKahve	@KekikKitapRobot",telegram tÃ¼rkÃ§e kitap arÅŸivi,Kekik | Akademi â€“ Telegram,... Kitap ArÅŸiv KanalÄ± KatÄ±lamayan ArkadaÅŸlar Ã‡erezlerini Temizleyip Tekrar Denesin LÃ¼tfen... @KekikKitap Â» dÄ±zz 'a Devam.. +30K Kitap Sizlerle.. 5.41K viewsÂ ...,3,channel_or_user,2026-01-11T11:30:27+00:00,,,,,,,,,,,,
sohbet_kripto_aof,https://t.me/sohbet_kripto_aof,TÃœM GRUPLAR,Scorpions federasyonuna baÄŸlÄ± tÃ¼m gruplar,,Reklam ve Ä°ÅŸbirliÄŸi: @akrepkral,telegram tÃ¼rkÃ§e kitap arÅŸivi,TÃœM GRUPLAR â€“ Telegram,KÄ°M MÄ°LYONER OLMAK Ä°STER? KÄ°TAP ARÅÄ°VÄ° KURAN MUHAFIZLARI MÃœZÄ°K ... TÃœRKÃ‡E YAZIM KURALLARI TWÄ°TTER DESTEK VE YARDIMLAÅMA ÃœCRETSÄ°ZÂ ...,0,message,2026-01-11T11:30:27+00:00,,,,,,,,,,
TurkiyeBelediyelerBirligi,https://t.me/TurkiyeBelediyelerBirligi,TBB,"TÃ¼rkiye Belediyeler BirliÄŸi, ulusal ve uluslararasÄ± dÃ¼zeyde belediyeleri temsil etme yetkisine sahip ve bÃ¼tÃ¼n belediyelerin doÄŸal Ã¼yesi olduÄŸu tek mahalli idare birliÄŸidir. 		tbb.gov.tr",telegram tÃ¼rkÃ§e kitap arÅŸivi,TBB â€“ Telegram,"February 6, 2022. TBB. Rize Belediyesi Ã¶ÄŸrencileri kitap okumaya teÅŸvik ediyor. Kitap daÄŸÄ±tÄ±mÄ± programlarÄ±nÄ±n Ã¼Ã§Ã¼ncÃ¼sÃ¼ dÃ¼zenlendi. BaÅŸkan Rahmi MetinÂ ...",0,message,2026-01-11T11:30:27+00:00,,,,,,,,,,,,
mulakatsorucevap,https://t.me/mulakatsorucevap,Ã–ÄRETMEN BÄ°LGÄ° / HABER,EÄÄ°TÄ°M Ä°LE Ä°LGÄ°LÄ° SON BÄ°LGÄ°LER.,,LÄ°NK: https://t.me/+8B94qJsM-zA2ZTc8,,DiÄŸer Ã¶nemli linklerimizğŸ‘‡,@linklerimiz,telegram tÃ¼rkÃ§e kitap arÅŸivi,Ã–ÄRETMEN BÄ°LGÄ° / HABER â€“ Telegram,"TÄ±kla Kitap PaylaÅŸ. TÄ±kla Kitap Ä°ste. July 21, 2025. Ã–ÄRETMEN BÄ°LGÄ° / HABER ... 3ï¸âƒ£ GÃ¼venlik SoruÅŸturmasÄ± & ArÅŸiv AraÅŸtÄ±rmasÄ± 4ï¸âƒ£ SaÄŸlÄ±k RaporuÂ ...",0,channel_or_user,2026-01-11T11:30:27+00:00,,,,,,,
denemev2,https://t.me/denemev2,TÃœRKÄ°YE GENELÄ° DENEMELER / BRANÅ DENEMELER,You can view and join @denemev2 right away.,telegram tÃ¼rkÃ§e kitap arÅŸivi,TÃœRKÄ°YE GENELÄ° DENEMELER / BRANÅ DENEMELER â€“ Telegram,"Kitap ihtiyacÄ± olan iki deÄŸerli arkadaÅŸÄ±mÄ±z var. EÄŸer Ã¼niversiteyi ... En gÃ¼ncel, en kapsamlÄ± ve en Ã¶zel PDF arÅŸivi bizim kanalÄ±mÄ±zda! â—ï¸KAÃ‡IRMAÂ ...",2,channel_or_user,2026-01-11T11:30:27+00:00,,,,,,,,,,,,
ydsyokdilyks,https://t.me/ydsyokdilyks,YDS YÃ–KDÄ°L YKS-DÄ°L,"YDS-YÃ–KDÄ°L-YKSDÄ°L Kelime PaylaÅŸÄ±mlarÄ±	-Soru Ã‡Ã¶zÃ¼mleri	-Ã‡Ä±kmÄ±ÅŸ Sorular	-Ä°puÃ§larÄ±	-Ã‡eviri TR-ENG, ENG-TR",telegram tÃ¼rkÃ§e kitap arÅŸivi,YDS YÃ–KDÄ°L YKS-DÄ°L â€“ Telegram,"Dec 29, 2025 ... Dersten Ã¶nce Telegram kanalÄ±mÄ±zdan derse katÄ±lÄ±m linki paylaÅŸÄ±lacaktÄ±r. ... TÃ¼rkÃ§e Ã‡eviri Son yÄ±llarda, aÅŸÄ±rÄ± ekran kullanÄ±mÄ±nÄ±n zihinselÂ ...",8,channel_or_user,2026-01-11T11:30:27+00:00,,,,,,,,,,,,
Ekitap_oku,https://t.me/Ekitap_oku,E Kitap,You can view and join @Ekitap_oku right away.,telegram ekitap arÅŸivi,View @Ekitap_oku - Telegram,"E-Kitap | PDF Kitap. 124 subscribers. Ekitap pdf kitap sesli kitap. View in Telegram Â· Preview channel. If you have Telegram, you can view and join",13,channel_or_user,2026-01-11T11:30:27+00:00,,,,,,,,,,,,
ekitap_okugrup,https://t.me/ekitap_okugrup,E Kitap Grup,ğŸ“š EKitap ArÅŸiv grubuna HoÅŸ Geldiniz.,,Kanal: ,https://t.me/E_Kitapoku,telegram ekitap arÅŸivi,View @ekitap_okugrup - Telegram,"E Kitap Grup. 76 407 members, 1 387 online. EKitap ArÅŸiv grubuna HoÅŸ Geldiniz. Kanal: https://t.me/E_Kitapoku. View in Telegram. If you have Telegram, youÂ ...",16,channel_or_user,2026-01-11T11:30:27+00:00,,,,,,,,,
pdflikiraz,https://t.me/pdflikiraz,YKS KPSS DGS PDF 2025,"KPSS, DGS, YKS  YE DAÄ°R KÄ°TAP VE DENEME PDF LERÄ°		ğŸ’Daha fazla kanal iÃ§in : https://t.me/addlist/vJAzPr0a2W9mMTlk		Reklam ve iÅŸ birliÄŸi: @Kiraz_13",telegram ekitap arÅŸivi,View @pdflikiraz - Telegram,"KPSS, DGS, YKS YE DAÄ°R KÄ°TAP VE DENEME PDF LERÄ° Daha fazla kanal iÃ§in : https://t.me/addlist/vJAzPr0a2W9mMTlk. Reklam ve iÅŸ birliÄŸi: @Kiraz_13.",9,channel_or_user,2026-01-11T11:30:27+00:00,,,,,,,,,,,,
ykspdfsohbet,https://t.me/ykspdfsohbet,YKS PDF/DENEME 2026,"Dijital kitap arÅŸiviâš¡ï¸âš¡ï¸	Yedek Pdf KanalÄ±:https://t.me/ykspdfistekleri		âš¡ï¸Reklam ve Ä°ÅŸ BirliÄŸi iÃ§in: @fqtih93 @Yagizakk		ğŸ“ŒSÄ±nav hakkÄ±nda tavsiye almak , yapamadÄ±ÄŸÄ±nÄ±z sorularÄ±n Ã§Ã¶zÃ¼mÃ¼ ve bulamadÄ±ÄŸÄ±nÄ±z pdfleri istemek iÃ§in diÄŸer grubumuza gelebilirsiniz.",telegram ekitap arÅŸivi,View @ykspdfsohbet - Telegram,"YKS PDF/DENEME 2026. 63 067 members, 542 online. Dijital kitap arÅŸiviâš¡ï¸âš¡ï¸ Yedek Pdf KanalÄ±:https://t.me/ykspdfistekleri âš¡ï¸Reklam ve Ä°ÅŸ BirliÄŸi iÃ§inÂ ...",16,channel_or_user,2026-01-11T11:30:27+00:00,,,,,,,,,,,,
tele_kutuphane,https://t.me/tele_kutuphane,"Tele-kÃ¼tÃ¼phane (Pdf, epub, mobi, e kitap arÅŸivi, e kitaplar, okuma kitaplarÄ±)",You can view and join @tele_kutuphane right away.,telegram ekitap arÅŸivi,"Tele-kÃ¼tÃ¼phane (Pdf, epub, mobi, e kitap arÅŸivi, e kitaplar, okuma ...","Tele-kÃ¼tÃ¼phane (Pdf, epub, mobi, e kitap arÅŸivi, e kitaplar, okuma kitaplarÄ±). @tele_kutuphane. 3.19K subscribers. Download Telegram Â· About Â· Blog Â· AppsÂ ...",29,channel_or_user,2026-01-11T11:30:27+00:00,,,,,,,,,,,,
kitap_pdf0,https://t.me/kitap_pdf0,Kitap PDF ArÅŸivi Roman Hikaye,Kaliteli kitaplar iÃ§in kanalÄ±mÄ±za katÄ±labilirsiniz.,telegram ekitap arÅŸivi,View @kitap_pdf0 - Telegram,Kitap PDF ArÅŸivi Roman Hikaye. 31 498 subscribers. Kaliteli kitaplar iÃ§in kanalÄ±mÄ±za katÄ±labilirsiniz. View in Telegram.,21,channel_or_user,2026-01-11T11:30:27+00:00,,,,,,,,,,,,
osymdokuman,https://t.me/osymdokuman,Ã–SYM KPSS Ã–ABT BÄ°LGÄ° DÃ–KÃœMAN VE PDF ARÅÄ°VÄ°,Reklam ve tanÄ±tÄ±m iÃ§in,,@kpssbilgipaylasimi2,,@osymdokumann,,Youtube kanalÄ±mÄ±z abone olmayÄ± unutmayÄ±n ,,https://www.youtube.com/channel/UCjxsiww_SIAvECVe0SisYGA,telegram ekitap arÅŸivi,View @osymdokuman - Telegram,"... /UCjxsiww_SIAvECVe0SisYGA. View in Telegram Â· Preview channel. If you have Telegram, you can view and join. Ã–SYM KPSS Ã–ABT BÄ°LGÄ° DÃ–KÃœMAN VE PDF ARÅÄ°VÄ° rightÂ ...",9,channel_or_user,2026-01-11T11:30:27+00:00,,,,
pdf_kitap_yks_kpss_roman,https://t.me/pdf_kitap_yks_kpss_roman,PDF Kitap Ä°ndir,Telegram'Ä±n en bÃ¼yÃ¼k PDF arÅŸivi burada.,telegram ekitap arÅŸivi,View @pdf_kitap_yks_kpss_roman - Telegram,"Telegram'Ä±n en bÃ¼yÃ¼k PDF arÅŸivi burada. View in Telegram Â· Preview channel. If you have Telegram, you can view and join. PDF Kitap Ä°ndir right away.",18,channel_or_user,2026-01-11T11:30:27+00:00,,,,,,,,,,,,
pdfokyanusu,https://t.me/pdfokyanusu,PDF OCEAN,"En bÃ¼yÃ¼k dijital kitap arÅŸiviâ˜€ï¸ğŸŒŠ	Yedek PDF KanalÄ±: @yedekpdfocean	ğŸŒŸ Reklam ve Ä°ÅŸ BirliÄŸi iÃ§in: @magfidestek	ğŸ“ŒHiÃ§bir PDF ve Reklam bize ait deÄŸildir.	ğŸ“Œ TartÄ±ÅŸmak , reklam yapmak , Ã¶zelden ve grup iÃ§erisinde Ã¼yeleri rahatsÄ±z etmek yasaktÄ±r.",telegram ekitap arÅŸivi,View @pdfokyanusu - Telegram,En bÃ¼yÃ¼k dijital kitap arÅŸiviâ˜€ï¸ Yedek PDF KanalÄ±: @yedekpdfocean Reklam ve Ä°ÅŸ BirliÄŸi iÃ§in: @magfidestek HiÃ§bir PDF ve Reklam bize ait deÄŸildir.,10,channel_or_user,2026-01-11T11:30:27+00:00,,,,,,,,,,,,
MultiLevelRecord,https://t.me/MultiLevelRecord,Multi-Level Record (C2 Level Teacher),â€¢  MultiLevel 74 va IELTS 8.5 olgan teacherdan video-darslar ,â€¢Â  Eng aktiv Ingliz tili kanali,â€¢Â  Faqat original kontent. ,,To contact: @AbrorRahmatullaev,Reklama: @MultiLevelRecordAds,telegram ekitap arÅŸivi,Multi-Level Record (C2 Level Teacher) â€“ Telegram,3 days ago ... Multi-Level Reading Part 3 - @MultiLevelRecord.pdf. 908.5 KB Â· Multi-Level Reading Part 3 Answers - @MultiLevelRecord.pdf. 535.6 KB. ReadingÂ ...,0,channel_or_user,2026-01-11T11:30:27+00:00,,,,,,,
booksfer_paylasim,https://t.me/booksfer_paylasim,e-kitap yardÄ±mlaÅŸma,"ekitap yardÄ±mlaÅŸma, pdf kitaplar, psikoloji kitaplar, ders kitaplarÄ±		SÄ°TEMÄ°Z: booksfer.net		YÃ¶netici: @yzadehs",telegram e kitap pdf,View @booksfer_paylasim - Telegram,"e-kitap yardÄ±mlaÅŸma. 29 577 members, 503 online. ekitap yardÄ±mlaÅŸma, pdf kitaplar, psikoloji kitaplar, ders kitaplarÄ± SÄ°TEMÄ°Z: booksfer.net. YÃ¶netici: @yzadehs.",15,channel_or_user,2026-01-11T11:30:27+00:00,,,,,,,,,,,,
almazov_centre,https://t.me/almazov_centre,Ğ¦ĞµĞ½Ñ‚Ñ€ ĞĞ»Ğ¼Ğ°Ğ·Ğ¾Ğ²Ğ°,"ĞĞœĞ˜Ğ¦ Ğ¸Ğ¼. Ğ’. Ğ. ĞĞ»Ğ¼Ğ°Ğ·Ğ¾Ğ²Ğ° ĞœĞ¸Ğ½Ğ·Ğ´Ñ€Ğ°Ğ²Ğ° Ğ Ğ¾ÑÑĞ¸Ğ¸ â€” Ğ²ĞµĞ´ÑƒÑ‰Ğ¸Ğ¹ Ñ€Ğ¾ÑÑĞ¸Ğ¹ÑĞºĞ¸Ğ¹ Ñ†ĞµĞ½Ñ‚Ñ€ Ğ¿Ğ¾ Ğ¾ĞºĞ°Ğ·Ğ°Ğ½Ğ¸Ñ Ğ²Ñ‹ÑĞ¾ĞºĞ¾ĞºĞ²Ğ°Ğ»Ğ¸Ñ„Ğ¸Ñ†Ğ¸Ñ€Ğ¾Ğ²Ğ°Ğ½Ğ½Ğ¾Ğ¹ Ğ¼ĞµĞ´Ğ¸Ñ†Ğ¸Ğ½ÑĞºĞ¾Ğ¹ Ğ¿Ğ¾Ğ¼Ğ¾Ñ‰Ğ¸ Ğ½Ğ°ÑĞµĞ»ĞµĞ½Ğ¸Ñ, Ğ²Ñ‹Ğ¿Ğ¾Ğ»Ğ½ĞµĞ½Ğ¸Ñ Ğ½Ğ°ÑƒÑ‡Ğ½Ñ‹Ñ… Ğ¸ÑÑĞ»ĞµĞ´Ğ¾Ğ²Ğ°Ğ½Ğ¸Ğ¹, Ğ¿Ğ¾Ğ´Ğ³Ğ¾Ñ‚Ğ¾Ğ²ĞºĞµ ĞºĞ°Ğ´Ñ€Ğ¾Ğ², Ğ¿Ğ¾Ğ²Ñ‹ÑˆĞµĞ½Ğ¸Ñ ĞºĞ²Ğ°Ğ»Ğ¸Ñ„Ğ¸ĞºĞ°Ñ†Ğ¸Ğ¸ Ğ²Ñ€Ğ°Ñ‡ĞµĞ¹.",telegram e kitap pdf,View @almazov_centre - Telegram,"ĞĞœĞ˜Ğ¦ Ğ¸Ğ¼. Ğ’. Ğ. ĞĞ»Ğ¼Ğ°Ğ·Ğ¾Ğ²Ğ° ĞœĞ¸Ğ½Ğ·Ğ´Ñ€Ğ°Ğ²Ğ° Ğ Ğ¾ÑÑĞ¸Ğ¸ â€” Ğ²ĞµĞ´ÑƒÑ‰Ğ¸Ğ¹ Ñ€Ğ¾ÑÑĞ¸Ğ¹ÑĞºĞ¸Ğ¹ Ñ†ĞµĞ½Ñ‚Ñ€ Ğ¿Ğ¾ Ğ¾ĞºĞ°Ğ·Ğ°Ğ½Ğ¸Ñ Ğ²Ñ‹ÑĞ¾ĞºĞ¾ĞºĞ²Ğ°Ğ»Ğ¸Ñ„Ğ¸Ñ†Ğ¸Ñ€Ğ¾Ğ²Ğ°Ğ½Ğ½Ğ¾Ğ¹ Ğ¼ĞµĞ´Ğ¸Ñ†Ğ¸Ğ½ÑĞºĞ¾Ğ¹ Ğ¿Ğ¾Ğ¼Ğ¾Ñ‰Ğ¸ Ğ½Ğ°ÑĞµĞ»ĞµĞ½Ğ¸Ñ, Ğ²Ñ‹Ğ¿Ğ¾Ğ»Ğ½ĞµĞ½Ğ¸Ñ Ğ½Ğ°ÑƒÑ‡Ğ½Ñ‹Ñ…Â ...",0,channel_or_user,2026-01-11T11:30:27+00:00,,,,,,,,,,,,
HAMASW,https://t.me/HAMASW,HAMAS-ISRAEL WAR,For communication and advertising: @LIVIN1984 @ebuibram,telegram e kitap pdf,HAMAS-ISRAEL WAR â€“ Telegram,Kitap AlÄ±ntÄ±larÄ± / Book Excerpts âŠµ Ä°ÅŸte Salihler BÃ¶yleydi âŠµ Sebat Medya PDF - Sesli Kitaplar / PDF - Audiobooks âœ’ï¸ âŠµ Ä°slami E-KÃ¼tÃ¼phane ğŸ™ï¸ âŠµ SesliÂ ...,0,channel_or_user,2026-01-11T11:30:27+00:00,,,,,,,,,,,,
usmlestore,https://t.me/usmlestore,USMLE Store,For sharing USMLE related materials,Contact us on telegram : @0111777973,telegram e kitap pdf,USMLE Store â€“ Telegram,"MTB CK 4th e.pdf. 12.7 MB. 72.2K views 01:45. October 23, 2017. USMLE Store ... Kaplan USMLE Step 1 Lecture Notes 2018 7-Book.pdf. 135.7 MB. 55.4K views 11Â ...",0,channel_or_user,2026-01-11T11:30:27+00:00,,,,,,,,,,,
kitap_arsivii,https://t.me/kitap_arsivii,E - Kitap PDF,You can view and join @kitap_arsivii right away.,telegram e kitap pdf,View @kitap_arsivii - Telegram,"E - Kitap PDF. 10 107 subscribers. View in Telegram Â· Preview channel. If you have Telegram, you can view and join. E - Kitap PDF right away.",16,channel_or_user,2026-01-11T11:30:27+00:00,,,,,,,,,,,,
english_e_reader,https://t.me/english_e_reader,English e-Reader,Updates of english-e-reader.net,telegram e kitap pdf,English e-Reader â€“ Telegram,english-e-reader.net. Six Sketches by Leslie Dunkling. This book consists of several interesting stories full of subtle English humor. The first story beginsÂ ...,0,channel_or_user,2026-01-11T11:30:27+00:00,,,,,,,,,,,,
pdfbot,https://t.me/pdfbot,PDF Bot,A bot that can do a lot of things related to PDF files,telegram e kitap pdf,Launch @pdfbot - Telegram,"PDF Bot. @pdfbot. 35 097 monthly users. A bot that can do a lot of things related to PDF files. Start Bot. If you have Telegram, you can launch. PDF Bot rightÂ ...",1,channel_or_user,2026-01-11T11:30:27+00:00,,,,,,,,,,,,
ebookroom,https://t.me/ebookroom,eBook Room,"Get interesting pdf books related to biography, business, fiction, humor, nonfiction, novel, philosophy, poetry, politics, self-help.		Buy ads:	https://telega.io/c/eBookRoom",telegram e kitap pdf,eBook Room â€“ Telegram,Platform , Maple Hills Series Â· Hannah Grace #1 Icebreaker #2 Wildfire Â· 32 16 4 3 , Fake It For Now Â· Lyssa Lemire âš– 0.8MB 179 Pages â³ Jun 2021 Â· 21â¤7 2 , The Deal,1,channel_or_user,2026-01-11T11:30:27+00:00,,,,,,,,,
tkutuphanebot,https://t.me/tkutuphanebot,T-KÃ¼tÃ¼phane Ã— Kitap ve Makale Ara,Bir Nexus klonu | @MagentaFox,telegram e kitap pdf,Launch @tkutuphanebot - Telegram,"T-KÃ¼tÃ¼phane Ã— Kitap ve Makale Ara. @tkutuphanebot. Bir Nexus klonu | @MagentaFox Â· Start Bot. If you have Telegram, you can launch. T-KÃ¼tÃ¼phane Ã— Kitap veÂ ...",8,channel_or_user,2026-01-11T11:30:27+00:00,,,,,,,,,,,,
tipdemy,https://t.me/tipdemy,TÄ±pdemy | Tusverse,TÄ±pdemy ve Tusverse eÄŸitim platformlarÄ±nÄ±n resmi kanalÄ±dÄ±r.,telegram e kitap pdf,TÄ±pdemy | Tusverse â€“ Telegram,"Dersleri takip edeceÄŸiniz E-kitap hem site Ã¼zerinden gÃ¶mÃ¼lÃ¼ sekilde sayfalarÄ± Ã§evirerek tÃ¼m cihazlarda okunabilecek, hem de PDF ÅŸeklinde yÃ¼ksek Ã§Ã¶zÃ¼nÃ¼rlÃ¼klÃ¼Â ...",0,channel_or_user,2026-01-11T11:30:27+00:00,,,,,,,,,,,,
kitapindiroku,https://t.me/kitapindiroku,Kitap Pdf Ä°ndir Oku | E-Kitap | E Kitap Ä°ndir,"ğŸ“– Yazar, Kategori ve Kitap AÃ§Ä±klamasÄ± ile Beraber Kitap HakkÄ±nda Bilgi Edinip PDF FormatÄ±nda Ä°ndirdikten Sonra OkuyabileceÄŸiniz Telegram'Ä±n En Ä°yi Kitap PDF Ve Kitap SÃ¶zleri KanalÄ±		ğŸ¦… Bu Kanal @ProFederasyon'una BaÄŸlÄ±dÄ±r.		ã€½ï¸ Reklam Ver: @ReklamDestekTr",telegram e kitap pdf,View @kitapindiroku - Telegram,"ã€½ï¸ Reklam Ver: @ReklamDestek Â· View in Telegram Â· Preview channel. If you have Telegram, you can view and join. Kitap Pdf Ä°ndir Oku | E-Kitap | E Kitap Ä°ndirÂ ...",12,channel_or_user,2026-01-11T11:30:27+00:00,,,,,,,,,,,,
sesli_kitap_arsivi,https://t.me/sesli_kitap_arsivi,Sesli Kitap - E kitap pdf,SESLÄ° KÄ°TAPLAR VE PODCAST,telegram e kitap pdf,View @sesli_kitap_arsivi - Telegram,"9 549 subscribers. SESLÄ° KÄ°TAPLAR VE PODCAST. View in Telegram Â· Preview channel. If you have Telegram, you can view and join. Sesli Kitap - E kitap pdf rightÂ ...",13,channel_or_user,2026-01-11T11:30:27+00:00,,,,,,,,,,,,
englishbooks_collection,https://t.me/englishbooks_collection,eng books â€¢ collection,"ğŸ”¹ Collection of the best textbooks, teaching materials, and books for learning English â€“ all in one place!		Subscribe and expand your library! ğŸš€		ADS: https://t.me/adsfortutors/112",telegram e kitap pdf,eng books â€¢ collection â€“ Telegram,Format: PDF IELTS Master Class 8.5 appears to be a study resource for improving IELTS vocabulary and skills. It is available as a book or ebook. There areÂ ...,0,channel_or_user,2026-01-11T11:30:27+00:00,,,,,,,,,,,,
ielts_8,https://t.me/ielts_8,IELTS Academy,ğŸ‘¤ Contact & Ads: @nae0110,,ORIGINAL CONTENT â—,,Beyond plagiarism,,Since 2019,telegram e kitap pdf,IELTS Academy â€“ Telegram,E G â Take â Sign â Same â Sigh â Place â High â Camera â Weight ... Collins Practice Tests for IELTS 2 @IELTS_8.pdf. 17.6 MB. Collins IELTSÂ ...,0,channel_or_user,2026-01-11T11:30:27+00:00,,,,,,
atillauslu,https://t.me/atillauslu,Dr Dahiliye ğŸ“–ğŸš€,Ä°Ã§ HastalÄ±klarÄ± ve Hematoloji UzmanÄ± Dr. Atilla Uslu tarafÄ±ndan yÃ¶netilmektedir. ,Dahiliye paylaÅŸÄ±mlarÄ± ve duyurularÄ±n yapÄ±lacaÄŸÄ± kanaldÄ±r.,telegram e kitap pdf,Dr Dahiliye â€“ Telegram,Bu akÅŸam drpatoloji youtube kanalÄ±nda saat 21.00'da FÄ°ZYOLOJÄ°DEN TEDAVÄ°YE serimize devam ediyoruz. Konumuz akut pankreatit. Herkesi bekleriz. SlaytlarÄ±mÄ± pdfÂ ...,0,channel_or_user,2026-01-11T11:30:27+00:00,,,,,,,,,,,
AmazoneBook,https://t.me/AmazoneBook,Amazon kindle and ebooks & Audiobooks,Benefits of joining the @AmazonEbook Telegram channel.,,100% Free eBooks,,PDF & EPUB formats available,,Wide range of genres,,Daily new uploads,,Request your books @Amazonebookadminbot,,#Nonfiction #Selfhelp #Reads #Books #bestseller,telegram e kitap pdf,View @AmazoneBook - Telegram,Benefits of joining the @AmazonEbook Telegram channel. 100% Free eBooks. PDF & EPUB formats available. Wide range of genres. Daily new uploads. Request yourÂ ...,2,channel_or_user,2026-01-11T11:30:27+00:00
cambridgematerials,https://t.me/cambridgematerials,Cambridge IELTS practice |Officialâ„¢,"For any questions, feel free to contact us:	@Cambridge_materials_bot ğŸ“©			Official books and audios ğŸ‘‡	@cambridgeielts_robot ğŸ¤–",telegram e kitap pdf,Cambridge IELTS practice |Officialâ„¢ â€“ Telegram,ACADEMIC PDF E-Book Publication date: June 2022 â–â–â–â–â–â–â–â–â–â–â– âœ”ï¸ High quality PDF â™»ï¸ Small size â˜‘ï¸ No watermarks. Share With YourÂ ...,0,channel_or_user,2026-01-11T11:30:27+00:00,,,,,,,,,,,,
cizgi_roman,https://t.me/cizgi_roman,Ã‡izgi Roman (Graphic Novel) PaylaÅŸÄ±m,".cbr (Comic Book Reader/Rar), .cbz (Comic Book Zip), vb. dosya uzantÄ±larÄ± Ã§izgi roman okumak iÃ§indir ve Android'de Moon+Reader, bilgisayarda Calibre uygulamalarÄ±yla okunabilirler.",telegram roman pdf arÅŸiv,View @cizgi_roman - Telegram,".cbr (Comic Book Reader/Rar), .cbz (Comic Book Zip), vb. dosya uzantÄ±larÄ± Ã§izgi roman okumak iÃ§indir ve Android'de Moon+Reader, bilgisayarda CalibreÂ ...",8,channel_or_user,2026-01-11T11:30:27+00:00,,,,,,,,,,,,
kurdishbooks2,https://t.me/kurdishbooks2,Pirtukxane,KÃ¼rtlerle ilgili kitaplarÄ±n bulunduÄŸu arÅŸiv kanalÄ±.,telegram roman pdf arÅŸiv,View @kurdishbooks2 - Telegram,"KÃ¼rtlerle ilgili kitaplarÄ±n bulunduÄŸu arÅŸiv kanalÄ±. View in Telegram Â· Preview channel. If you have Telegram, you can view and join. Pirtukxane right away.",9,channel_or_user,2026-01-11T11:30:27+00:00,,,,,,,,,,,,
ucretsizpdfkitaplar,https://t.me/ucretsizpdfkitaplar,Cuma Bozkurt - PDF Kitap Ä°ndir,"Ãœcretsiz PDF e-kitap arÅŸivi. 	(Roman, Åiir, Deneme)	______	https://instagram.com/cumabozkurtresmi	https://1000kitap.com/cumabozkurtresmi	https://facebook.com/cumabozkurtresmi	https://tiktok.com/@cumabozkurtresmi	https://youtube.com/@cumabozkurt",telegram roman pdf arÅŸiv,View @ucretsizpdfkitaplar - Telegram,"Cuma Bozkurt - PDF Kitap Ä°ndir. 367 subscribers. Ãœcretsiz PDF e-kitap arÅŸivi. (Roman, Åiir, Deneme) ______ https://instagram.com/cumabozkurtresmi httpsÂ ...",20,channel_or_user,2026-01-11T11:30:27+00:00,,,,,,,,,,,,
psikolojikitaplaripdf,https://t.me/psikolojikitaplaripdf,Psikoloji KitaplarÄ±,"Psikoloji roman, kaynak, ders notu",telegram roman pdf arÅŸiv,View @psikolojikitaplaripdf - Telegram,"Psikoloji roman, kaynak, ders notu. View in Telegram Â· Preview channel. If you have Telegram, you can view and join. Psikoloji KitaplarÄ± right away.",16,channel_or_user,2026-01-11T11:30:27+00:00,,,,,,,,,,,,
webdeogrenkanal,https://t.me/webdeogrenkanal,Web'de Ã–ÄŸren Telegram KanalÄ±,"Web'de Ã–ÄŸren Telegram KanalÄ±	ğŸ“Œ Meb Haberler, Duyurular	ğŸ“Œ Kanunlar, YÃ¶netmelikler	ğŸ“Œ GÃ¼ncel Bilgi PaylaÅŸÄ±m	ğŸ“Œ Web'de Ã–ÄŸren PlatformlarÄ±	ğŸ“Œ GÃ¼ncel eÄŸitim, haber ve duyurular iÃ§in bizi Ä°nstagramdan takip edebilirsiniz.	https://www.instagram.com/webdeogren",telegram roman pdf arÅŸiv,Web'de Ã–ÄŸren Telegram KanalÄ± â€“ Telegram,"â€œBilim Ä°nsanlarÄ± Ã‡izgi Roman Serisiâ€nin Ä°lk KitaplarÄ± YayÄ±mlandÄ±. https ... pdf â—ï¸Son baÅŸvuru tarihi : 12 Åubat 2024. GÃ¼ncel eÄŸitim, haber veÂ ...",0,channel_or_user,2026-01-11T11:30:27+00:00,,,,,,,,,,,,
komik_sakalar_videolari,https://t.me/komik_sakalar_videolari,komik Åakalar,Reklam : https://t.me/+ZNMYRg1fiYBjYmZk,telegram roman pdf arÅŸiv,komik Åakalar â€“ Telegram,Yabanci ÅarkÄ±larArÅŸivKitap AlÄ±ntilar Â· AnlamlÄ± sÃ¶zlerMizahSohbet Gruplari ... roman kitaplarÄ±KitapTÃ¼rkÃ§e ÅarkÄ±lar Â· HaberGaziantepMersin Â· KayseriIstanbulÂ ...,0,channel_or_user,2026-01-11T11:30:27+00:00,,,,,,,,,,,,
emlak_arazi_ev_ilanlari,https://t.me/emlak_arazi_ev_ilanlari,Emlak ilanlarÄ±,Ilan  : @Kadiradmin,telegram roman pdf arÅŸiv,Emlak ilanlarÄ± â€“ Telegram,SaÄŸlÄ±klÄ± yaÅŸamFelsefeKitap PDF Â· Kripto HaberleriÃ‡izgiKÃ¼tÃ¼phabe Â· roman kitaplarÄ±KitapTÃ¼rkÃ§e ÅarkÄ±lar Â· HaberGaziantepMersin Â· KayseriIstanbulAnkara Â· AntalyaÂ ...,0,channel_or_user,2026-01-11T11:30:27+00:00,,,,,,,,,,,,
evokuludernegi,https://t.me/evokuludernegi,Ev Okulu DerneÄŸi,Ev Okulu DerneÄŸi,Websitesi: www.evokulu.org,INSTAGRAM/TWÄ°TTER : @evokuludernegi,YOUTUBE : youtube.com/evokuludernegi,TartÄ±ÅŸma grubumuz : t.me/gundemegitim ,Homeschool Turkey ,Turkey Education ,Her Ev Bir Okuldur,Ev EÄŸitimin Merkezidir,EÄŸitim Evde BaÅŸlar,telegram roman pdf arÅŸiv,Ev Okulu DerneÄŸi â€“ Telegram,"Roman OkumanÄ±n 5 FaydasÄ± | Murat ... ArÅŸiv kÄ±smÄ±ndan geÃ§miÅŸ tarihlerdeki gÃ¶rÃ¼ntÃ¼leri de inceleyebilir, kÃ¼Ã§Ã¼k bilgilendirme yazÄ±larÄ±nÄ± okuyabilirsiniz.",0,channel_or_user,2026-01-11T11:30:27+00:00,,,
miraz_PDF,https://t.me/miraz_PDF,Mir.az Kitab,Bilmek DeÄŸiÅŸtirir . ,KitaplarÄ±n hayatÄ±nÄ±zda bir yeri varsa bu kanal tam sizin iÃ§indir.,Wp: https://whatsapp.com/channel/0029Vb61pMC7z4kmB7UUQW1T,,whatsapp: +994515299358,mail: info@mir.az,Instagram: @mirazkitab,1000k: okuryus,Ä°letiÅŸim: @okuryus,telegram roman pdf arÅŸiv,Mir.az Kitab â€“ Telegram,"â„¹ï¸ Filmin orijinali Erich Maria Remarque'in ""BatÄ± Cephesinde Yeni Bir Åey Yok"" romanÄ±na dayanarak 1930 yÄ±lÄ±nda Ã§ekilmiÅŸtir. KitabÄ±n PDF versiyonu: https://mirÂ ...",6,channel_or_user,2026-01-11T11:30:27+00:00,,,,
turkishinistanbul,https://t.me/turkishinistanbul,Turkish - ØªØ¹Ù„Ù… Ø§Ù„Ù„ØºØ© Ø§Ù„ØªØ±ÙƒÙŠØ© - TÃ¼rkÃ§e Ã¶ÄŸreniyoruz,Turkish language foreigners,telegram roman pdf arÅŸiv,Turkish - ØªØ¹Ù„Ù… Ø§Ù„Ù„ØºØ© Ø§Ù„ØªØ±ÙƒÙŠØ© - TÃ¼rkÃ§e Ã¶ÄŸreniyoruz â€“ Telegram,Ø§Ù„Ø£Ø±Ø´ÙŠÙ Ø§Ù„Ø¹Ø³ÙƒØ±ÙŠ Askeri ArÅŸiv ØªÙÙ…ÙØ±ÙÙ‘Ø¯ÙŒ Ø¹ÙØ³Ù’ÙƒÙØ±ÙÙŠÙŒÙ‘ Askeri Ayaklanma Ø§Ù„ØªÙ…Ø±Ø¯ ... nesneleriÅiir ve roman okuma alÄ±ÅŸkanlÄ±ÄŸÄ± edinin. nesneleriBana baktÄ± veÂ ...,0,channel_or_user,2026-01-11T11:30:27+00:00,,,,,,,,,,,,
key_client_bot,https://t.me/key_client_bot,ĞšĞ»ÑÑ‡ Ğº ĞºĞ»Ğ¸ĞµĞ½Ñ‚Ñƒ,"ĞœĞ°Ñ€ĞºĞµÑ‚Ğ¸Ğ½Ğ³Ğ¾Ğ²Ğ¾Ğµ Ğ°Ğ³ĞµĞ½Ñ‚ÑÑ‚Ğ²Ğ¾ â€“ Ñ€Ğ°Ğ·Ñ€Ğ°Ğ±Ğ¾Ñ‚ĞºĞ° ÑĞ°Ğ¹Ñ‚Ğ¾Ğ², SEO-Ğ¿Ñ€Ğ¾Ğ´Ğ²Ğ¸Ğ¶ĞµĞ½Ğ¸Ğµ Ğ¸ ĞºĞ¾Ğ½Ñ‚ĞµĞºÑÑ‚Ğ½Ğ°Ñ Ñ€ĞµĞºĞ»Ğ°Ğ¼Ğ° Ğ¯Ğ½Ğ´ĞµĞºÑ.Ğ”Ğ¸Ñ€ĞµĞºÑ‚.

Ğ§Ğ°Ñ‚ Ñ Ğ¼ĞµĞ½ĞµĞ´Ğ¶ĞµÑ€Ğ¾Ğ¼",telegram roman pdf arÅŸiv,Launch @key_client_bot - Telegram,"ĞœĞ°Ñ€ĞºĞµÑ‚Ğ¸Ğ½Ğ³Ğ¾Ğ²Ğ¾Ğµ Ğ°Ğ³ĞµĞ½Ñ‚ÑÑ‚Ğ²Ğ¾ â€“ Ñ€Ğ°Ğ·Ñ€Ğ°Ğ±Ğ¾Ñ‚ĞºĞ° ÑĞ°Ğ¹Ñ‚Ğ¾Ğ², SEO-Ğ¿Ñ€Ğ¾Ğ´Ğ²Ğ¸Ğ¶ĞµĞ½Ğ¸Ğµ Ğ¸ ĞºĞ¾Ğ½Ñ‚ĞµĞºÑÑ‚Ğ½Ğ°Ñ Ñ€ĞµĞºĞ»Ğ°Ğ¼Ğ° Ğ¯Ğ½Ğ´ĞµĞºÑ.Ğ”Ğ¸Ñ€ĞµĞºÑ‚. Ğ§Ğ°Ñ‚ Ñ Ğ¼ĞµĞ½ĞµĞ´Ğ¶ĞµÑ€Ğ¾Ğ¼. Start Bot. If you have Telegram,Â ...",0,channel_or_user,2026-01-11T11:30:27+00:00,,,,,,,,,,,,
herseydenbiraztr,https://t.me/herseydenbiraztr,ArÅŸiv PaylaÅŸÄ±m KanalÄ±,Her ÅŸeyden birazcÄ±k olan ve hiÃ§birinin tam olmadÄ±ÄŸÄ± bilgiler ve paylaÅŸÄ±mlar kanalÄ±.,,DeÄŸiÅŸimi saÄŸlayacak bir ÅŸeyler iÃ§in Ã§alÄ±ÅŸÄ±yoruz...,,Kanal PaylaÅŸÄ±m BaÄŸlantÄ±sÄ±:,https://t.me/herseydenbiraztr,telegram roman pdf arÅŸiv,ArÅŸiv PaylaÅŸÄ±m KanalÄ± â€“ Telegram,Ã‡izgi Roman ArÅŸivi Link: => https://yadi.sk/d/cqka9vWu3GnXio Â· Yandex ... 44GB PDF DEV ARÅÄ°V KAÃ‡IRMAYIN âœ¨ArÅŸiv Ä°Ã§eriÄŸiâœ¨ - Mega HafÄ±za EÄŸitim Setleri,3,channel_or_user,2026-01-11T11:30:27+00:00,,,,,,,
bensencer1,https://t.me/bensencer1,BEN SENCER ,),BEN SENCER ,) SINAVLARIN BUG'UNU BULAN ADAM,telegram felsefe kitap pdf,BEN SENCER ,) â€“ Telegram,piyasada Ã§ok bilinmeyen bir kitap ve bÃ¶yle kitaplar sizi rakiplerinizin bir adÄ±m Ã¶nÃ¼ne atacak ,) ... ProgramÄ±n PDF haline telegram kanalÄ±mdan ulaÅŸabilirsiniz!,0,channel_or_user,2026-01-11T11:30:27+00:00,,,,,,,,
yusufkaplanmedia,https://t.me/yusufkaplanmedia,Yusuf Kaplan Medya,"Yusuf HocamÄ±zÄ±n ve MTOâ€™nun tek resmÃ® hesabÄ±dÄ±r.	Kanalda paylaÅŸÄ±lanlar HocamÄ±z tarafÄ±ndan takip edilmektedir! 	Yusuf HocamÄ±zÄ±n yazÄ±larÄ±, paylaÅŸÄ±mlarÄ± buradan ilan edilecektir.",telegram felsefe kitap pdf,Yusuf Kaplan Medya â€“ Telegram,"KÄ°TAP: Felsefi SoruÅŸturmalar - Wittgenstein KÄ°TAP: Elli Ã‡aÄŸdaÅŸ DÃ¼ÅŸÃ¼nÃ¼r ... Kitap son.pdf. 254.9 KB. 2.61K viewsyusuf kaplan, 12:49. November 20, 2024.",0,channel_or_user,2026-01-11T11:30:27+00:00,,,,,,,,,,,,
KitapBaz,https://t.me/KitapBaz,Kitapbaz,You can view and join @KitapBaz right away.,telegram felsefe kitap pdf,Kitapbaz â€“ Telegram,"â€œOlaÄŸanÃ¼stÃ¼ bir kitap, bilimsel ve felsefi tartÄ±ÅŸmalarÄ±n eÅŸsiz bir karÄ±ÅŸÄ±mÄ±.â€ â€“George R. ... Temin: Penguen kitap maÄŸazalarÄ±, D&R maÄŸazalarÄ±, seÃ§kin kitapÃ§Ä±lar veÂ ...",5,channel_or_user,2026-01-11T11:30:27+00:00,,,,,,,,,,,,
motivasyoncu,https://t.me/motivasyoncu,Motivasyoncu,Motivasyon KaynaÄŸÄ±,telegram felsefe kitap pdf,Motivasyoncu â€“ Telegram,â € #psikoloji #psikolog #psikolojik #psikolojikitabi #psikolojikdanÄ±ÅŸmanlÄ±k #psikolojidesteÄŸi #guzelsoz #etkiliiletiÅŸim #etkilisozler #felsefe #kitap #Â ...,0,channel_or_user,2026-01-11T11:30:27+00:00,,,,,,,,,,,,
dost_kitaplar,https://t.me/dost_kitaplar,Al Bi Kitap Eline,"ğŸ“š @akidetulmuslim @Kitapdf @Hicab1 @islamikitaplik		Kitap okumaya teÅŸvik, doÄŸru kitap, okuma kitaplÄ±k oluÅŸturma, doÄŸru kitaplarÄ± okumaya yardÄ±mcÄ± olmaya yÃ¶nelik paylaÅŸÄ±mlar aktaran bir kanaldÄ±r. Kitaplarda Ã¶lÃ§Ã¼ Kur'an ve SÃ¼nnet'tir.",telegram felsefe kitap pdf,Al Bi Kitap Eline â€“ Telegram,Kur'an'a abdestsiz dokunmayÄ±n.pdf. 166.1 KB. 101. Kur'an'a Abdestsiz ... felsefe ilminin ve kendi gÃ¶rÃ¼ÅŸlerini naklin Ã¶nÃ¼ne geÃ§irmek olan reyin dindeÂ ...,18,channel_or_user,2026-01-11T11:30:27+00:00,,,,,,,,,,,,
felsefelog10,https://t.me/felsefelog10,Felsefelog,ğ“•ğ“®ğ“µğ“¼ğ“®ğ“¯ğ“®ğ”‚ğ“² ğ“«ğ“¾ ğ“½ğ“¸ğ“¹ğ“»ğ“ªğ“´ğ“µğ“ªğ“»ğ“­ğ“ª ğ”‚ğ“®ğ“·ğ“²ğ“­ğ“®ğ“· ğ”‚ğ“ªğ”‚ğ“¶ğ“ªğ“´ ğ“²Ã§ğ“²ğ“·,,YouTube: https://youtube.com/channel/UCbUu3KK7FDJhHbCzEbRn-Kg,,Site: https://felsefelog.com/,,Instagram: https://www.instagram.com/felsefelog10/,telegram felsefe kitap pdf,Felsefelog â€“ Telegram,"Durali TÃ¼rkÃ§e ile Ä°ngilizce Ã§ok sayÄ±da bilimsel makale ve kitap yayÄ±nlamÄ±ÅŸtÄ±r. ... (2006), CanlÄ±lar Sorununa GiriÅŸ, Biyoloji Felsefesi, Felsefe-Bilim Nedir?",0,channel_or_user,2026-01-11T11:30:27+00:00,,,,,,
kilislisesi,https://t.me/kilislisesi,Kilis Lisesi,"Kilis Lisesi ile ilgili bilgilere buradan ulaÅŸabilirsiniz. 	Kilis Lisesi Ã–ÄŸrenci, Veli, eski mezunlar ve bu okulda gÃ¶rev yapmÄ±ÅŸ olan herkes iÃ§in aÃ§Ä±lmÄ±ÅŸtÄ±r.",telegram edebiyat kitap pdf,Kilis Lisesi â€“ Telegram,Edebiyat dersindeki kitap sÄ±navÄ±nÄ±z ise 21 kasÄ±m pazartesi gÃ¼nÃ¼ 3. Derste ... OTURUM - TYT 03 (OP02-SS.31TYT03).pdf. 300.9 KB. SEDEF YKS 1. OTURUM - TYTÂ ...,0,channel_or_user,2026-01-11T11:30:27+00:00,,,,,,,,,,,,
ykss_kpss_2025,https://t.me/ykss_kpss_2025,YKS KPSS PDF 2026,Reklam iÅŸ birliÄŸi teyit iÃ§in @Reklam_destek,telegram kpss kitap pdf,View @ykss_kpss_2025 - Telegram,"Reklam iÅŸ birliÄŸi teyit iÃ§in @Reklam_destek Â· View in Telegram Â· Preview channel. If you have Telegram, you can view and join. YKS KPSS PDF 2026 right away.",9,channel_or_user,2026-01-11T11:30:27+00:00,,,,,,,,,,,,
kpss_lisans_onlisans,https://t.me/kpss_lisans_onlisans,KPSS Lisans Ã–nlisans Soru Ã‡Ã¶zÃ¼m 2024,You can view and join @kpss_lisans_onlisans right away.,telegram kpss kitap pdf,View @kpss_lisans_onlisans - Telegram,"KPSS Lisans Ã–nlisans Soru Ã‡Ã¶zÃ¼m 2024. 4 676 members, 3 online. View in Telegram. If you have Telegram, you can view and join. KPSS Lisans Ã–nlisans SoruÂ ...",4,channel_or_user,2026-01-11T11:30:27+00:00,,,,,,,,,,,,
kpsspdfdeposu,https://t.me/kpsspdfdeposu,Kpss Pdf - Not Soru Deneme,ğŸ“ŒKpss Pdf-soru-not paylaÅŸÄ±m kanalÄ±.,telegram kpss kitap pdf,Kpss Pdf - Not Soru Deneme â€“ Telegram,"Merhaba arkadaÅŸlar, Trendyol'da indirime giren KPSS kaynaklarÄ±nÄ± sizin iÃ§in listeledik. Zam gelmeden bu fÄ±rsatÄ± deÄŸerlendirebilirsiniz.",12,channel_or_user,2026-01-11T11:30:27+00:00,,,,,,,,,,,,
kpss_yks_pdf_kitap_indir,https://t.me/kpss_yks_pdf_kitap_indir,Kpss Kitap Yks Pdf indir,Kurucu, @akrepkral,Reklam ve Ä°letiÅŸim, @questadsdestek,telegram kpss kitap pdf,View @kpss_yks_pdf_kitap_indir - Telegram,"Kpss Kitap Yks Pdf indir. 106 520 subscribers. Kurucu; @akrepkral. Reklam ve Ä°letiÅŸim; @questadsdestek Â· View Post Â· View context. If you have Telegram,Â ...",14,message,2026-01-11T11:30:27+00:00,,,,,,,,,
Kpssalan,https://t.me/Kpssalan,Kpss A Grubu,ğŸ“ŒBu grup Kpss A Grubu Ã§alÄ±ÅŸanlara yardÄ±mcÄ± olmak amacÄ±yla kurulmuÅŸtur. Diger ders gruplarÄ± iÃ§in @kpssdersgruplari,,ğŸ“£Kitap PDF'si paylaÅŸÄ±mlarÄ± paylaÅŸanlarÄ±n sorumluluÄŸundadÄ±r. Kurumlardan uyarÄ± geldiÄŸinde gereÄŸi yapÄ±lmaktadÄ±r.,IletiÅŸim @platformkonseybot,telegram kpss kitap pdf,View @Kpssalan - Telegram,Bu grup Kpss A Grubu Ã§alÄ±ÅŸanlara yardÄ±mcÄ± olmak amacÄ±yla kurulmuÅŸtur. Diger ders gruplarÄ± iÃ§in @kpssdersgruplari Kitap PDF'si paylaÅŸÄ±mlarÄ± paylaÅŸanlarÄ±nÂ ...,10,channel_or_user,2026-01-11T11:30:27+00:00,,,,,,,,,
kpss_yks2026,https://t.me/kpss_yks2026,KPSS YKS PDF,Reklam iÅŸ birliÄŸi teyit iÃ§in @Reklam_destek,telegram kpss kitap pdf,View @kpss_yks2026 - Telegram,"Reklam iÅŸ birliÄŸi teyit iÃ§in @Reklam_destek Â· View in Telegram Â· Preview channel. If you have Telegram, you can view and join. KPSS YKS PDF right away.",9,channel_or_user,2026-01-11T11:30:27+00:00,,,,,,,,,,,,
Romanekitap,https://t.me/Romanekitap,Kitap Kpss Yks Pdf,Kurucu, @akrepkral,Reklam ve Ä°letiÅŸim, @questadsdestek,telegram kpss kitap pdf,View @Romanekitap - Telegram,"Kitap Kpss Yks Pdf. 211 849 subscribers. View in Telegram Â· Preview channel. If you have Telegram, you can view and join. Kitap Kpss Yks Pdf right away.",14,channel_or_user,2026-01-11T11:30:27+00:00,,,,,,,,,
kpss_cografya_2024,https://t.me/kpss_cografya_2024,KPSS CoÄŸrafya Soru Ã‡Ã¶zÃ¼m | 2024 TAYFA,You can view and join @kpss_cografya_2024 right away.,telegram kpss kitap pdf,View @kpss_cografya_2024 - Telegram,"KPSS CoÄŸrafya Soru Ã‡Ã¶zÃ¼m | 2024 TAYFA. 1 567 members, 5 online. View in Telegram. If you have Telegram, you can view and join. KPSS CoÄŸrafya Soru Ã‡Ã¶zÃ¼mÂ ...",4,channel_or_user,2026-01-11T11:30:27+00:00,,,,,,,,,,,,
yks_kpss_pdf_kitap,https://t.me/yks_kpss_pdf_kitap,YKS KPSS,You can view and join @yks_kpss_pdf_kitap right away.,telegram kpss kitap pdf,View @yks_kpss_pdf_kitap - Telegram,"YKS KPSS. 61 subscribers. View in Telegram Â· Preview channel. If you have Telegram, you can view and join. YKS KPSS right away.",14,channel_or_user,2026-01-11T11:30:27+00:00,,,,,,,,,,,,
httpsu1same4bhhg3mde0,https://t.me/httpsu1same4bhhg3mde0,Yediiklim yayÄ±ncÄ±lÄ±k Tarih atÃ¶lyesi,Ahmet UÄŸur Karakuza,telegram kpss kitap pdf,Yediiklim yayÄ±ncÄ±lÄ±k Tarih atÃ¶lyesi â€“ Telegram,Kelepir Kitap Online Kitap SatÄ±ÅŸ MaÄŸazasÄ± | %60'a Varan indirimler Seni Bekliyor! Yediiklim 2026 KPSS AGS AtÃ¶lye Serisi Genel KÃ¼ltÃ¼r Tarih Video Ders Notu veÂ ...,0,channel_or_user,2026-01-11T11:30:27+00:00,,,,,,,,,,,,
informalyayin,https://t.me/informalyayin,Ä°nformal YayÄ±nlarÄ± (Ä°nformal Grup),Ä°nformal YayÄ±nlarÄ±nÄ±n resmi telegram kanalÄ±dÄ±r.,Ä°letiÅŸim 0539 775 48 50 mÃ¼ÅŸteri hizmetleri hesabÄ±na yazabilirsiniz.,telegram kpss kitap pdf,Ä°nformal YayÄ±nlarÄ± (Ä°nformal Grup) â€“ Telegram,"Ã–SYM arÅŸivinden DGS, KPSS Lisans, KPSS ... - 1- 2025 ALES MatematiÄŸin Kara Kutusu TEK KÄ°TAP Ã–SYM Ã‡Ä±kmÄ±ÅŸ Soru Havuzu BankasÄ± Konu Ã–zetli Video/PDF Ã‡Ã¶zÃ¼mlÃ¼",0,channel_or_user,2026-01-11T11:30:27+00:00,,,,,,,,,,,
httpsu1sAme4Bhhg3MDE0,https://t.me/httpsu1sAme4Bhhg3MDE0,Yediiklim yayÄ±ncÄ±lÄ±k Tarih atÃ¶lyesi,Ahmet UÄŸur Karakuza,telegram kpss kitap pdf,Yediiklim yayÄ±ncÄ±lÄ±k Tarih atÃ¶lyesi â€“ Telegram,KPSS 2025 GENEL KÃœLTÃœR.pdf. 6.2 MB. 42.7K views 21:19. September 7. Yediiklim ... Kelepir Kitap Online Kitap SatÄ±ÅŸ MaÄŸazasÄ± | %60'a Varan indirimler Seni BekliyorÂ ...,0,channel_or_user,2026-01-11T11:30:27+00:00,,,,,,,,,,,,
kpss_pdf_kitap,https://t.me/kpss_pdf_kitap,KPSS PDF KÄ°TAP ARÅÄ°VÄ°,You can view and join @kpss_pdf_kitap right away.,telegram kpss pdf kitap arÅŸivi,View @kpss_pdf_kitap - Telegram,"KPSS PDF KÄ°TAP ARÅÄ°VÄ°. 2 025 subscribers. View in Telegram Â· Preview channel. If you have Telegram, you can view and join. KPSS PDF KÄ°TAP ARÅÄ°VÄ° right away.",10,channel_or_user,2026-01-11T11:30:27+00:00,,,,,,,,,,,,
yks_pdf2025,https://t.me/yks_pdf2025,YKS 2026 PDF SORU BANKASI,You can view and join @yks_pdf2025 right away.,telegram kpss pdf kitap arÅŸivi,View @yks_pdf2025 - Telegram,"YKS 2026 PDF SORU BANKASI. 18 555 subscribers. View in Telegram Â· Preview channel. If you have Telegram, you can view and join. YKS 2026 PDF SORU BANKASI rightÂ ...",5,channel_or_user,2026-01-11T11:30:27+00:00,,,,,,,,,,,,
sorupdfyks,https://t.me/sorupdfyks,"YKS, KPSS, TYT, AYT, MSÃœ - Soru PDF",EÄŸitim ve eÄŸitime dair her ÅŸey :) https://www.sorupdf.com/,telegram kpss pdf kitap arÅŸivi,"YKS, KPSS, TYT, AYT, MSÃœ - Soru PDF â€“ Telegram","YKS, KPSS, TYT, AYT, MSÃœ - Soru PDF. Kitap severlerimize https://www ... kitap-pdf-indir/. 67 24â¤12 4 3 2 2 2. 112K views 07:45. June 29, 2023.",11,channel_or_user,2026-01-11T11:30:27+00:00,,,,,,,,,,,,
cografyaninkodlari,https://t.me/cografyaninkodlari,CografyanÄ±n KodlarÄ±,"Deneme Ã§Ã¶zÃ¼mleri, duyurular ve kÄ±sa podcastler burada olacak.",telegram kpss pdf kitap arÅŸivi,CografyanÄ±n KodlarÄ± â€“ Telegram,"Ayt coÄŸrafya 11.sÄ±nÄ±f coÄŸrafya TÃ¼rkiye'de TarÄ±m kpss pdf , sanayi bitkileri konu anlatÄ±mÄ± PDF NOTU 11.sÄ±nÄ±f CoÄŸrafya. ... ÃœCRETSÄ°Z PDF indir httpsÂ ...",2,channel_or_user,2026-01-11T11:30:27+00:00,,,,,,,,,,,,
yksyardimcinyedek,https://t.me/yksyardimcinyedek,"YKS YardÄ±mcÄ±n (Haber/Bilgi/PDF) - LGS, TYT, AYT, KPSS, DGS Kitap PDF'si Ä°ndir","Piyasada bulunan ve gÃ¼ncel mÃ¼fredata tabi olan kitaplarÄ±n pdf formatÄ±nÄ± sizlere sunuyoruz.		Sizlere Ã¼cretsiz, reklamsÄ±z, filigransÄ±z, doÄŸrudan PDF ulaÅŸtÄ±rÄ±yoruz. 		Bizi paylaÅŸÄ±n: @yksyardimcinyedek",telegram yks kitap pdf,View @yksyardimcinyedek - Telegram,"Preview channel. If you have Telegram, you can view and join. YKS YardÄ±mcÄ±n (Haber/Bilgi/PDF) - LGS, TYT, AYT, KPSS, DGS Kitap PDF'si Ä°ndir right away.",19,channel_or_user,2026-01-11T11:30:27+00:00,,,,,,,,,,,,
merthocatv,https://t.me/merthocatv,Mert Hoca,You can view and join @merthocatv right away.,telegram tyt kitap pdf,Mert Hoca â€“ Telegram,"SON TEKRAR-PDF.pdf. 14 MB. 20 Haziran Pazar -AYT Son Tekrar. 15.8K views 07:35. June 18 ... Harika bi kitap oldu, tek kitapta tÃ¼m tyt yi parÃ§a pinÃ§ik edeceÄŸiz.",0,channel_or_user,2026-01-11T11:30:27+00:00,,,,,,,,,,,,
BiosemBiyoloji,https://t.me/BiosemBiyoloji,Biosem Biyoloji,Biosem YouTube Biyoloji KanalÄ±,telegram tyt kitap pdf,Biosem Biyoloji â€“ Telegram,SÄ±nav PDF'Ä° (Yandex.disk): https://disk.yandex ... Åuraya linkini koyayÄ±m. https://www.bkmkitap.com/paraf-z-takimi-tyt-biyoloji-video-ders-anlatim-kitabi,0,channel_or_user,2026-01-11T11:30:27+00:00,,,,,,,,,,,,
yks2025_deneme,https://t.me/yks2025_deneme,TG DENEMELERÄ°,Reklam ve iÅŸ birliÄŸi iÃ§in @magfidestek,Ä°letiÅŸim: @Help_yks_iletisim_bot,telegram tyt kitap pdf,View @yks2025_deneme - Telegram,"... magfidestek Ä°letiÅŸim: @Help_yks_iletisim_bot Â· View in Telegram Â· Preview channel. If you have Telegram, you can view and join. TG DENEMELERÄ° right away.",6,channel_or_user,2026-01-11T11:30:27+00:00,,,,,,,,,,,
miletakademi,https://t.me/miletakademi,Milet Akademi | YKS KoÃ§luk,Burada devrim yapÄ±yoruz.,,https://miletakademi.net/,https://miletakademi.net/yks-kocluk-al,,https://youtube.com/@MiletAkademi,https://www.instagram.com/miletakademi/,,â¬‡ï¸Sohbet ve PDF Grubumuzâ¬‡ï¸,@miletakademisohbet,telegram ayt kitap pdf,Milet Akademi | YKS KoÃ§luk â€“ Telegram,"Mar 15, 2022 ... MÄ°LET AKADEMÄ° AYT SÃ¶zel Analiz Ã‡izelgesi.pdf. 1.7 MB Â· MÄ°LET AKADEMÄ° ... ArkadaÅŸlar elimizden geldikÃ§e sizlere kitap ve deneme hediye etmeyeÂ ...",3,channel_or_user,2026-01-11T11:30:27+00:00,,,
ykspdf20251,https://t.me/ykspdf20251,YKS TYT AYT PDF 2026,"YKS Ã¶ÄŸrencilerine yÃ¶nelik not kanalÄ±dÄ±r. KanalÄ±n ismine karÅŸÄ±n hiÃ§bir ÅŸekilde telifli iÃ§erik paylaÅŸÄ±lmamaktadÄ±r.		Kanal kullanma rehberi, iletiÅŸim ve telif bilgilendirmemiz iÃ§in sabit mesajÄ± inceleyebilirsiniz.",telegram ayt kitap pdf,YKS TYT AYT PDF 2026 â€“ Telegram,YKS TYT AYT PDF 2026. ASAL SAYILAR 1 den ve kendisinden baÅŸka tam bÃ¶leni ... Kitap sayfalarÄ±nÄ± numaralandÄ±rma problem sorularÄ±, 2 basamaklÄ± sayfaÂ ...,10,message,2026-01-11T11:30:27+00:00,,,,,,,,,,,
gercelmatematik,https://t.me/gercelmatematik,GERÃ‡EL MATEMATÄ°K YKS/ DGS / KPSS/ ALES,GerÃ§el Matematik Youtube kanalÄ± Ã¶ÄŸrenci topluluÄŸu .,telegram dgs kitap pdf,GERÃ‡EL MATEMATÄ°K YKS/ DGS / KPSS/ ALES â€“ Telegram,2024 DGS KPSS ALES VE TYT sÄ±navlarÄ± mÃ¼fredatÄ±na uyumlu olarak geometri dersi konu anlatÄ±mÄ± derslerimizle sizlerleyim. AÅŸaÄŸÄ±daki linkten Ã¼cretsiz pdf niziziÂ ...,8,channel_or_user,2026-01-11T11:30:27+00:00,,,,,,,,,,,,
alesgrup,https://t.me/alesgrup,Ales HazÄ±rlÄ±k ve PaylaÅŸÄ±m Platformu,ALES ve DGS YardÄ±mlaÅŸma Platformu,â€”Grup KurallarÄ±â€”,1. BaÅŸka grup ya da kanal linklerinin paylaÅŸÄ±mÄ± yasak.,2. Reklam paylaÅŸmak yasak.,3. Grup Ã¼yelerini Ã¶zelden rahatsÄ±z etmek yasak.,4. Telif haklarÄ± olan (kitap pdf vb.) Ã¼rÃ¼nlere ait paylaÅŸÄ±mlar yasak.,telegram dgs kitap pdf,View @alesgrup - Telegram,ALES ve DGS YardÄ±mlaÅŸma Platformu â€”Grup KurallarÄ±â€” 1. BaÅŸka grup ya da ... Telif haklarÄ± olan (kitap pdf vb.) Ã¼rÃ¼nlere ait paylaÅŸÄ±mlar yasak. View inÂ ...,10,channel_or_user,2026-01-11T11:30:27+00:00,,,,,,,
fuatbaskanileyokdilsaglik,https://t.me/fuatbaskanileyokdilsaglik,Fuat BaÅŸkan ile YÃ–KDÄ°L SAÄLIK ve TIPDÄ°L Ä°ngilizce,YÃ–KDÄ°L ve TIPDÄ°L SAÄLIK ile ilgili her tÃ¼rlÃ¼ Ä°ngilizce paylaÅŸÄ±m,telegram dgs kitap pdf,Fuat BaÅŸkan ile YÃ–KDÄ°L SAÄLIK ve TIPDÄ°L Ä°ngilizce â€“ Telegram,"En GÃ¼ncel KPSS, ALES, DGS, YKS ve DiÄŸer TÃ¼m SÄ±nav KitaplarÄ±nÄ± Hemen Ä°nceleyin, GÃ¼venli AlÄ±ÅŸveriÅŸe BaÅŸlayÄ±n. ... MÃœKEMMEL BÄ°R KÄ°TAP! ADIM ADIM Ä°NGÄ°LÄ°ZCEÂ ...",0,channel_or_user,2026-01-11T11:30:27+00:00,,,,,,,,,,,,
sinavkampiales,https://t.me/sinavkampiales,SINAV KAMPI ALES,You can view and join @sinavkampiales right away.,telegram ales kitap pdf,SINAV KAMPI ALES â€“ Telegram,â€œBu kitap bir rÃ¼ya hikÃ¢yesiâ€ ifadesiyle baÅŸlayan eleÅŸtiride okura â€œ Peki ama ... âœ”ï¸PDF KAYNAKLAR âœ”ï¸CANLI DERSLER âœ”ï¸VÄ°DEO DERSLER âœ“ MobilÂ ...,4,channel_or_user,2026-01-11T11:30:27+00:00,,,,,,,,,,,,
kamilhocayds,https://t.me/kamilhocayds,KAMÄ°LHOCAYDS KANALI,"âœ… ÃœCRETSÄ°Z YDS, YÃ–KDÄ°L, YDT HAZIRLIK PLATFORMU		ğŸ¯ LORDDÄ°L KURUCUSU	ğŸ¯ YDS, YÃ–KDÄ°L, YDT UZMANI	â˜‘ï¸ GAZÄ° ÃœNV. Ä°NGÄ°LÄ°ZCE	â˜‘ï¸ DLI, SAN ANTONIO, TEXAS, USA     ENGLISH INSTRUCTOR 	â˜‘ï¸ ANADOLU ÃœNV. Ä°NGÄ°LÄ°ZCE U. Ä°LÄ°ÅKÄ°LER	â˜‘ï¸ THE LORD OF YDS'NÄ°N YAZARI",telegram yds pdf kitap,KAMÄ°LHOCAYDS KANALI â€“ Telegram,"KAMÄ°L HOCA 16 HAFTALIK YDS Ã‡ALIÅMA PROGRAMI.pdf. 322.7 KB. KasÄ±m YDS iÃ§in ... Book of Records. She was the first wife of Feodor Vassilyev, a peasant fromÂ ...",0,channel_or_user,2026-01-11T11:30:27+00:00,,,,,,,,,,,,
YdsYokDil,https://t.me/YdsYokDil,"K4 YDS, YÃ–KDÄ°L, YDT",Daha fazlasÄ± iÃ§in: k4english.com,telegram yds pdf kitap,"K4 YDS, YÃ–KDÄ°L, YDT â€“ Telegram","Bu dersin indirilebilir PDF dosyalarÄ± iÃ§in: âœ“ htâ€¦ â¤4 1. 1.69K views 23:56. December 19, 2023. K4 YDS, YÃ–KDÄ°L, YDT Â· https://www.youtube.com/watch?vÂ ...",0,channel_or_user,2026-01-11T11:30:27+00:00,,,,,,,,,,,,
AtmacaEnglish,https://t.me/AtmacaEnglish,YDS-YÃ–KDÄ°L-YDT Soru Ã‡Ã¶zÃ¼m Grubu,"Bu kanal YDS, YÃ–KDÄ°L, YDT gibi sÄ±navlar iÃ§in Ã¼cretsiz soru ve kaynak paylaÅŸÄ±mÄ± yapmak iÃ§in kurulmuÅŸtur.",telegram yds pdf kitap,YDS-YÃ–KDÄ°L-YDT Soru Ã‡Ã¶zÃ¼m Grubu â€“ Telegram,"okuma-kitabi Debatabase 220sf.pdf. 2.6 MB. YDS, YÃ–KDÄ°L, YKS-DÄ°L ve IELTS gibi sÄ±navlar iÃ§in okuma becerisini geliÅŸtirmek Ã‡ok iyi bir kitap. 5.43K views 03:04.",0,channel_or_user,2026-01-11T11:30:27+00:00,,,,,,,,,,,,
yds_yokdil_yksdil,https://t.me/yds_yokdil_yksdil,@yds_yokdil_yksdil,@yds_yokdil_yksdil Instagram hesabÄ±nÄ±n Telegram sayfasÄ±dÄ±r. ,,Online derslerimiz www.ydstime.com sitesindedir.,telegram yds pdf kitap,@yds_yokdil_yksdil â€“ Telegram,"May 3, 2020 ... PREPOSITION (1).pdf. 3. 21.1K viewsYusuf Åahin, 10:16. May 5, 2020. @yds_yokdil_yksdil Â· https://youtu.be/y4NDfTPXxiI Â· YouTube. YDS/YÃ–KDÄ°L/YDTÂ ...",8,channel_or_user,2026-01-11T11:30:27+00:00,,,,,,,,,,
hakkihoca,https://t.me/hakkihoca,HakkÄ± Hoca,AÃ§Ä±klamalar ve yÃ¶nlendirmeler Ä°Ã§in lÃ¼tfen grup bildirim ve sesi aÃ§Ä±nÄ±z,telegram yds pdf kitap,HakkÄ± Hoca â€“ Telegram,âœ“Deneme sÄ±navÄ±mÄ±z Ã¼cretsizdir ve herkes katÄ±labilir. âœ“ Telegram ... YAYINLARDA KULLANILAN 2013- 2014 YDS KELÄ°ME- PDF MATERYALÄ° Ä°Ã‡Ä°N Ä°NDÄ°RME LÄ°NKÄ°,0,channel_or_user,2026-01-11T11:30:27+00:00,,,,,,,,,,,,
ydsyokdil,https://t.me/ydsyokdil,"K4 YDS, YÃ–KDÄ°L, YDT",Daha fazlasÄ± iÃ§in: k4english.com,telegram yds pdf kitap,"K4 YDS, YÃ–KDÄ°L, YDT â€“ Telegram",Okuma materyalinin pdf si iÃ§in bu link https://app.k4english.com/ucretsiz ... O kitap bu kitap https://k4english.com/kitaplar/yds-kelimeleri. â¤2â¤â€ 1.,0,channel_or_user,2026-01-11T11:30:27+00:00,,,,,,,,,,,,
gozdehoca,https://t.me/gozdehoca,GÃ¶zde Hoca Yds/YÃ¶kdil/Yksdil,You can view and join @gozdehoca right away.,telegram yds pdf kitap,GÃ¶zde Hoca Yds/YÃ¶kdil/Yksdil â€“ Telegram,âš¡PDF KAYNAKLAR âš¡ï¸TELEGRAM SORU Ã‡Ã–ZÃœM GRUBU âœ“ KREDÄ° KARTINA VADE FARKSIZ ... Ales TÃ¼rkÃ§e Ã¶ÄŸretmenimiz Pelin Hoca'mÄ±z mÃ¼kemmel bir kitap Ã§Ä±kardÄ±,4,channel_or_user,2026-01-11T11:30:27+00:00,,,,,,,,,,,,
rehber_matematik,https://t.me/rehber_matematik,Rehber Matematik,Rehber Matematik KoÃ§um Benim resmi telegram sayfasÄ±dÄ±r.,telegram ders notu pdf,Rehber Matematik â€“ Telegram,TÃœrev 10 ders notu: https://drive.google.com/file/d/1vcj1Se2eF4R0TuXrhwWwIWaY5jr7Ijio/view?usp=sharing Â· Google Docs. REHBER MATEMATÄ°K AYT KAMPI_tÃ¼rev_10.pdf.,0,channel_or_user,2026-01-11T11:30:27+00:00,,,,,,,,,,,,
forumkariyerhaberleri,https://t.me/forumkariyerhaberleri,Forum Kariyer Haberleri,"Kariyer Haberleri'ne Ait Tek Haber, Ä°lan ve Bilgi PaylaÅŸÄ±m KanalÄ±dÄ±r.		KanalÄ±mÄ±zda Kamu Personel AlÄ±m Ä°lanlarÄ±, sÃ¼reÃ§leri ve kurumlarla mesleklere dair bilgileri dÃ¼zenli takip edebilirsiniz.		Instagram: kariyerhaberleri	X: kariyerhaberler",telegram ders notu pdf,Forum Kariyer Haberleri Kamu Personel AlÄ±mlarÄ± â€“ Telegram,KPSS A Grubu Maliye Dersi iÃ§in beklenen ders notu geldi. Okan BahÃ§eli ... PDF dosyaya ÃœCRETSÄ°Z olarak Maliye Severler Telegram Grubunda eriÅŸebilirler,,0,channel_or_user,2026-01-11T11:30:27+00:00,,,,,,,,,,,
tipdersnotlari,https://t.me/tipdersnotlari,TÄ±p Ã–ÄŸrencileri Ders NotlarÄ±,Ä°letiÅŸim @iletisimchatt_bot,telegram ders notu pdf,View @tipdersnotlari - Telegram,"TÄ±p Ã–ÄŸrencileri Ders NotlarÄ±. 9 329 subscribers. Ä°letiÅŸim @iletisimchatt_bot Â· View in Telegram Â· Preview channel. If you have Telegram, you can view andÂ ...",4,channel_or_user,2026-01-11T11:30:27+00:00,,,,,,,,,,,,
matematik_yksa,https://t.me/matematik_yksa,YKS MATEMATÄ°K,Kurucu, @akrepkral,Reklam ve Ä°letiÅŸim, @questadsdestek,telegram ders notu pdf,YKS MATEMATÄ°K â€“ Telegram,"AYT {ayt - tyt} GEOMETRÄ° konu Ã¶zetleri PDF... / DERS NOTU tekrar PDF BÄ°LGÄ° Ä°Ã‡ERÄ°KLÄ° PDF, Ã§alÄ±ÅŸma notlarÄ±. Geometri konu Ã¶zetleri.",4,channel_or_user,2026-01-11T11:30:27+00:00,,,,,,,,,
kaimmakamkaymakamlik,https://t.me/kaimmakamkaymakamlik,Kaim Makam KaymakamlÄ±k,Hedef MÃ¼lki Ä°dare,telegram ders notu pdf,Kaim Makam KaymakamlÄ±k â€“ Telegram,Veriler Ders Notu.pdf. 1.8 MB. Veriler Ders Notu.pdf. 5.67K views 12:17. February 18. Kaim Makam KaymakamlÄ±k. Son Dakika Ä°ktisat YazarÄ± Berkay Cihan HocaÂ ...,0,channel_or_user,2026-01-11T11:30:27+00:00,,,,,,,,,,,,
etkinlikbahane,https://t.me/etkinlikbahane,Etkinlik Bahane Ã–ÄŸrenmek Åahane ğŸ’š,"Sevgi,emek,eÄŸlence bu kanalda sizlerleğŸ’š",telegram ders notu pdf,Etkinlik Bahane Ã–ÄŸrenmek Åahane â€“ Telegram,PDF halinde telegram kanalÄ±mdan ulaÅŸabilirsiniz #fen #duyuorganlarÄ± ... 3.sÄ±nÄ±f hayat bilgisi 6.hafta ders notu.pdf. 116.4 KB. 5.82K views 23:33.,0,channel_or_user,2026-01-11T11:30:27+00:00,,,,,,,,,,,,
isemyayincilik,https://t.me/isemyayincilik,Evveliyat PaylaÅŸÄ±m ( Ä°sem YayÄ±ncÄ±lÄ±k ),Ä°sem YayÄ±ncÄ±lÄ±k Evveliyat serisi yazarlarÄ±nÄ±n paylaÅŸÄ±mlarÄ±na iliÅŸkindir,telegram ders notu pdf,Evveliyat PaylaÅŸÄ±m ( Ä°sem YayÄ±ncÄ±lÄ±k ) â€“ Telegram,"Mar 19, 2020 ... VIEW IN TELEGRAM. 2016 sorusudur FENA sÃ¶zcÃ¼ÄŸÃ¼ al notunu ve o not ... 2018 KPSS LÄ°SANS VE A GRUBU Ã‡IKMIÅ SORULARI.pdf.pdf. 8.6 MB. 15.5KÂ ...",0,channel_or_user,2026-01-11T11:30:27+00:00,,,,,,,,,,,,
aofpdfgrubu,https://t.me/aofpdfgrubu,PDF PaylaÅŸÄ±m (AÃ–F-ATA-AUZEF),LÃ¼tfen KanalÄ±mÄ±zÄ± Linkini PaylaÅŸalÄ±m,,KanalÄ±mÄ±zda Sadece ders NotlarÄ± Pdfleri Ve Ã‡Ä±kmÄ±ÅŸ Sorular PaylaÅŸÄ±lmaktadÄ±r.,telegram Ã§Ä±kmÄ±ÅŸ soru pdf,PDF PaylaÅŸÄ±m (AÃ–F-ATA-AUZEF) â€“ Telegram,- Ã‡Ä±kmÄ±ÅŸ sorular - DetaylÄ± Ã§Ã¶zÃ¼mler - PDF ders notlarÄ± - Ã–zgÃ¼n soru bankalarÄ± Daha fazla iÃ§erik ve topluluk desteÄŸi iÃ§in grubumuza katÄ±lmayÄ± unutmayÄ±nÂ ...,9,channel_or_user,2026-01-11T11:30:27+00:00,,,,,,,,,,
sinavkampi,https://t.me/sinavkampi,SINAV KAMPI,TÃœRKÄ°YE'NÄ°N EN Ä°YÄ° ONLINE EÄÄ°TÄ°M PLATFORMU,telegram Ã§Ä±kmÄ±ÅŸ soru pdf,SINAV KAMPI â€“ Telegram,âœ¨Ã‡Ä±kmÄ±ÅŸ Soru Câ€Œoâ€Œzuâ€Œmleri âœ¨Kaynak DesteÄŸi âœ¨SÄ±nav KamplarÄ± âœ¨Soru Ã‡Ã¶zÃ¼m ... â˜‘ï¸ PDF dosyalarÄ± dijital olarak indirilebilir ve istenildiÄŸinde A3 boyutunda Ã§Ä±ktÄ±Â ...,0,channel_or_user,2026-01-11T11:30:27+00:00,,,,,,,,,,,,
imtiyazhakimlikk,https://t.me/imtiyazhakimlikk,Ä°mtiyaz Hakimlik ve HMGSâ€™ye HazÄ±rlÄ±k Platformu,Hakimlik ve HMGS sÄ±navlarÄ±na hazÄ±rlÄ±k grubu. Ä°nstagram: https://www.instagram.com/imtiyaz_hakimlik_kpss/  yotube:https://www.youtube.com/channel/UCFsLPVgH9RK2P531_BmH95A web:https://imtiyazonlineegitim.com/,telegram Ã§Ä±kmÄ±ÅŸ soru pdf,View @imtiyazhakimlikk - Telegram,Hakimlik ve HMGS sÄ±navlarÄ±na hazÄ±rlÄ±k grubu. Ä°nstagram: https://www.instagram.com/imtiyaz_hakimlik_kpss/Â ...,2,channel_or_user,2026-01-11T11:30:27+00:00,,,,,,,,,,,,
TestFlightX,https://t.me/TestFlightX,TestFlightX,Sharing TestFlight links available for download. Join & post to group @testflightR if you'd like to share your beta apps. DM @shannonli for promotions.,,æ¨é€å¯ç”¨çš„TestFlightå…¬æµ‹è½¯ä»¶ï¼Œè®¨è®ºç»„ @testflightRã€‚æ¸¸æˆé¢‘é“ @TFGamesã€‚ç½‘ç«™ testflightx.comï¼›æ¨å¹¿ç§èŠ @shannonliã€‚,telegram sesli kitap pdf,TestFlightX â€“ Telegram,"#TRT Dinle: MÃ¼zik & Sesli Kitap https://testflight.apple.com/join/KiuBvSp2 ... #PDF Expert â€“ Read, Edit, Sign https://testflight.apple.com/joinÂ ...",0,channel_or_user,2026-01-11T11:30:27+00:00,,,,,,,,,,
